First Name,Last Name,Email,Phone Number,Company Name,Job Title,Industry,City,State,Country,Lifecycle Stage,Lead Status,Created Date
William,Thompson,wthompson@gmail.com,(201) 249-7323,Vantage Point Law,Executive Assistant,Financial Services,Tampa,FL,United States,salesqualifiedlead,Unqualified,6/18/2025
Linda,Flores,linda.flores@business.net,(951) 272-5979,Silverline Logistics,Finance Director,Education,Tampa,FL,United States,subscriber,New,4/18/2026
Emily,Harris,eharris@outlook.com,5375091187,Redstone Realty,Business Development Rep,Nonprofit,Kansas City,MO,United States,lead,New,5/13/2026
Helen,Nguyen,helennguyen@gmail.com,(209) 751-8546,Amber Grove Retail,VP of Sales,Insurance,Kansas City,MO,United States,marketingqualifiedlead,Bad Timing,8/22/2024
Kimberly,Flores,kimberly.flores@outlook.com,(322) 280-9071,Fieldstone Education,Marketing Manager,Media,Milwaukee,WI,United States,opportunity,New,6/20/2025
George,Mitchell,gmitchell@business.net,(580) 443-5521,Cobalt Digital,CEO,Real Estate,Charleston,SC,United States,subscriber,New,11/24/2024
Joseph,Torres,jtorres@yahoo.com,(575) 755-1681,Coppervale Manufacturing,Regional Sales Manager,Education,Raleigh,NC,United States,lead,Unqualified,12/27/2024
James,Carter,jamescarter@business.net,(244) 947-8527,Marlowe & Co.,Account Executive,Biotechnology,Milwaukee,WI,United States,salesqualifiedlead,New,5/27/2026
Ronald,Jones,ronald.jones@gmail.com,(686) 311-6387,Crestline Energy,Regional Sales Manager,Legal Services,Providence,RI,United States,marketingqualifiedlead,New,4/14/2026
Barbara,Lewis,barbaralewis@yahoo.com,(466) 359-5973,Northwind Traders,Marketing Manager,Education,Salt Lake City,UT,United States,lead,In Progress,8/18/2025
Carol,Gonzalez,carolgonzalez@yahoo.com,(745) 526-8227,Willowbrook Nonprofit,Account Executive,Logistics,Sacramento,CA,United States,lead,Open,2/1/2025
Jason,Rodriguez,jason.rodriguez@outlook.com,(466) 588-6363,Cobalt Digital,Regional Sales Manager,Technology,Omaha,NE,United States,marketingqualifiedlead,Bad Timing,5/25/2025
Helen,Rodriguez,helen.rodriguez@yahoo.com,(988) 506-5617,Elmshade Legal,Business Development Rep,Media,Providence,RI,United States,salesqualifiedlead,Unqualified,11/1/2026
Carol,Brown,carolbrown@yahoo.com,(641) 349-5000,Pinnacle Logistics Group,Executive Assistant,Hospitality,Salt Lake City,UT,United States,customer,Bad Timing,3/6/2024
Gary,Gonzalez,ggonzalez@gmail.com,(857) 597-9026,Pinnacle Logistics Group,COO,Nonprofit,Raleigh,NC,United States,opportunity,In Progress,6/8/2024
Edward,Ramirez,eramirez@business.net,(589) 287-5839,Driftwood Hospitality,HR Manager,Nonprofit,Nashville,TN,United States,subscriber,New,3/13/2025
Stephen,Mitchell,stephenmitchell@gmail.com,(658) 606-1003,Aster Marketing,Sales Director,Logistics,Tampa,FL,United States,opportunity,New,4/22/2026
James,Harris,jharris@gmail.com,(748) 567-6463,Willowbrook Nonprofit,IT Manager,Real Estate,Tucson,AZ,United States,subscriber,Connected,2/12/2026
Stephanie,Torres,stephanietorres@outlook.com,(461) 989-6711,Pinnacle Logistics Group,Controller,Legal Services,Nashville,TN,United States,customer,In Progress,1/21/2026
Michelle,Young,michelleyoung@business.net,(262) 289-5583,Lumen Health Partners,VP of Sales,Real Estate,Boise,ID,United States,lead,Connected,4/21/2026
Andrew,Lopez,andrew.lopez@outlook.com,(443) 319-1674,Amber Grove Retail,CEO,Financial Services,Nashville,TN,United States,salesqualifiedlead,In Progress,3/7/2025
Laura,Perez,laura.perez@yahoo.com,(489) 943-5891,Elmshade Legal,CEO,Hospitality,Louisville,KY,United States,customer,Unqualified,8/18/2024
Stephanie,Clark,sclark@business.net,(425) 699-4595,Redstone Realty,Executive Assistant,Construction,Providence,RI,United States,subscriber,Unqualified,11/22/2025
Gregory,Hall,ghall@yahoo.com,(210) 888-1138,Elmshade Legal,Operations Manager,Retail,Nashville,TN,United States,salesqualifiedlead,New,2/22/2026
Stephanie,Gonzalez,sgonzalez2@business.net,(454) 783-3931,Marlowe & Co.,Operations Director,Real Estate,Sacramento,CA,United States,customer,New,10/12/2026
Amanda,Anderson,amanda.anderson@business.net,(853) 826-3784,Crestline Energy,Operations Director,Insurance,Salt Lake City,UT,United States,lead,New,9/16/2025
Emily,Mitchell,emily.mitchell@yahoo.com,(595) 250-3669,Foxglove Biotech,CEO,Media,Denver,CO,United States,lead,Bad Timing,11/8/2024
Michelle,Hernandez,michellehernandez@business.net,(412) 904-8875,Amber Grove Retail,HR Manager,Retail,Columbus,OH,United States,subscriber,Connected,2/27/2024
Debra,Walker,debra.walker@yahoo.com,(823) 799-8354,Lumen Health Partners,Marketing Coordinator,Legal Services,Denver,CO,United States,customer,Open,10/23/2026
Anna,Rodriguez,anna.rodriguez@company.com,(408) 538-2295,Hollowridge Transport,Regional Sales Manager,Insurance,Albuquerque,NM,United States,marketingqualifiedlead,New,4/13/2025
Maggie,Gonzalez,margaretgonzalez@yahoo.com,(393) 883-8794,Quarry Hill Ventures,Regional Sales Manager,Hospitality,Sacramento,CA,United States,customer,In Progress,5/15/2024
Nicholas,Walker,nicholaswalker@gmail.com,9697036253,Harborview Financial,Office Manager,Logistics,Tucson,AZ,United States,subscriber,Attempted to Contact,12/17/2025
Nancy,Jones,nancyjones@outlook.com,(405) 809-7623,Ferncrest Media,HR Manager,Insurance,Milwaukee,WI,United States,salesqualifiedlead,Connected,5/25/2025
Jessica,Nelson,jessica.nelson@outlook.com,(481) 410-5018,Elmshade Legal,CEO,Construction,Providence,RI,United States,subscriber,Bad Timing,10/11/2026
NICOLE,ANDERSON,nanderson@business.net,(735) 628-9773,Willowbrook Nonprofit,Controller,Hospitality,Providence,RI,United States,lead,Unqualified,3/19/2024
Samantha,Rodriguez,srodriguez2@business.net,(366) 385-3712,Aster Marketing,Regional Sales Manager,Retail,Des Moines,IA,United States,salesqualifiedlead,In Progress,3/15/2024
Ben,Robinson,brobinson@business.net,(651) 667-1011,Granite Peak Construction,Finance Director,Nonprofit,Austin,TX,United States,lead,Connected,12/26/2024
James,Carter,jamescarter@company.com,(484) 359-4527,Coppervale Manufacturing,Office Manager,Manufacturing,Nashville,TN,United States,subscriber,Unqualified,6/28/2024
Laura,Mitchell,laura.mitchell@gmail.com,(882) 403-8852,Willowbrook Nonprofit,Product Manager,Manufacturing,Richmond,VA,United States,salesqualifiedlead,Unqualified,8/26/2026
Samantha,Ramirez,samantharamirez@business.net,(466) 590-3675,Lumen Health Partners,Regional Sales Manager,Manufacturing,Denver,CO,United States,marketingqualifiedlead,Connected,12/5/2025
RAYMOND,THOMAS,raymondthomas2@business.net,(684) 766-9698,Steadfast Insurance,Executive Assistant,Nonprofit,Salt Lake City,UT,United States,opportunity,In Progress,4/27/2024
Jonathan,Moore,jonathan.moore@business.net,(531) 920-5794,Cascade Software,CEO,Logistics,Des Moines,IA,United States,opportunity,Connected,3/25/2024
Nicholas,Johnson,nicholasjohnson@outlook.com,(386) 602-1741,,,Biotechnology,Raleigh,NC,United States,customer,In Progress,8/26/2024
Timothy,Brown,tbrown@outlook.com,(335) 455-3396,Quarry Hill Ventures,Office Manager,Insurance,Tampa,FL,United States,lead,Bad Timing,7/16/2026
Robert,Nguyen,rnguyen@gmail.com,(575) 928-1612,Lumen Health Partners,Product Manager,Media,Louisville,KY,United States,opportunity,Attempted to Contact,8/11/2025
Barbara,Wilson,barbara.wilson@outlook.com,(967) 720-5469,Crestline Energy,CEO,Healthcare,Salt Lake City,UT,United States,opportunity,New,10/6/2026
Angela,Thomas,angela.thomas@business.net,(909) 949-7662,Cobalt Digital,VP of Sales,Technology,Denver,CO,United States,marketingqualifiedlead,Open,2/1/2026
Frank,Gonzalez,frank.gonzalez@yahoo.com,(794) 471-1626,Ferncrest Media,COO,Real Estate,Raleigh,NC,United States,marketingqualifiedlead,Connected,7/20/2025
Anna,Martinez,annamartinez@yahoo.com,(754) 575-8439,Northwind Traders,Marketing Coordinator,Real Estate,Omaha,NE,United States,customer,Open,10/28/2024
Angela,Mitchell,amitchell@business.net,(767) 497-1606,Orchard Lane Foods,Purchasing Manager,Construction,Charleston,SC,United States,opportunity,Attempted to Contact,10/22/2026
Stephanie,Hall,shall@company.com,(370) 315-3171,Quarry Hill Ventures,Sales Director,Insurance,Tucson,AZ,United States,lead,New,10/16/2025
Larry,Baker,lbaker@outlook.com,(588) 567-1472,Foxglove Biotech,VP of Sales,Construction,Omaha,NE,United States,salesqualifiedlead,New,8/2/2025
Debra,Hernandez,debrahernandez@gmail.com,(724) 310-6359,Amber Grove Retail,Operations Director,Legal Services,Nashville,TN,United States,lead,Attempted to Contact,9/13/2024
Karen,Torres,karentorres@business.net,(629) 611-5986,Aster Marketing,Office Manager,Biotechnology,Columbus,OH,United States,marketingqualifiedlead,New,9/20/2025
Jeffrey,Carter,jcarter@company.com,(301) 357-6959,Amber Grove Retail,VP of Sales,Manufacturing,Louisville,KY,United States,lead,Unqualified,1/8/2025
Nicole,Hall,nhall@business.net,(638) 369-3281,Driftwood Hospitality,Finance Director,Insurance,Milwaukee,WI,United States,lead,Bad Timing,10/12/2024
Debra,Carter,debra.carter@outlook.com,(842) 920-9457,Foxglove Biotech,Customer Success Manager,Hospitality,Providence,RI,United States,salesqualifiedlead,Open,12/15/2026
Sharon,Lewsi,sharonlewis@yahoo.com,(617) 305-1430,Silverline Logistics,Business Development Rep,Education,Providence,RI,United States,subscriber,Attempted to Contact,6/10/2024
Richard,Rivera,richard.rivera@outlook.com,(239) 493-8740,Quarry Hill Ventures,VP of Sales,Media,Richmond,VA,United States,customer,Unqualified,10/1/2025
Jonathan,Lee,jlee@company.com,(632) 781-9433,Greystone Capital,Executive Assistant,Logistics,Columbus,OH,United States,subscriber,Connected,10/1/2025
Larry,Walker,lwalker@gmail.com,(693) 907-2311,Brightpath Consulting,Marketing Coordinator,Insurance,Milwaukee,WI,United States,marketingqualifiedlead,Unqualified,2/17/2026
Jessica,Torres,jessicatorres@company.com,(553) 349-5758,Beacon Analytics,IT Manager,Nonprofit,Providence,RI,United States,subscriber,In Progress,11/9/2025
Jennifer,Rodriguez,jrodriguez@yahoo.com,(797) 227-6591,Lumen Health Partners,Account Executive,Real Estate,Milwaukee,WI,United States,marketingqualifiedlead,In Progress,6/2/2025
Frank,Thomas,fthomas@outlook.com,(519) 806-2391,Hollowridge Transport,Operations Manager,Insurance,Kansas City,MO,United States,marketingqualifiedlead,New,3/1/2025
Brian,Wilson,brian.wilson@business.net,(364) 388-4617,Fieldstone Education,Product Manager,Healthcare,Boise,ID,United States,subscriber,Open,10/28/2026
Michelle,Taylor,mtaylor@company.com,(953) 534-6211,Vantage Point Law,Product Manager,Healthcare,Richmond,VA,United States,subscriber,Open,10/4/2024
William,Martin,william.martin@gmail.com,(816) 410-4277,Ironwood Manufacturing,Business Development Rep,Retail,Austin,TX,United States,subscriber,Open,5/19/2026
Justin,Carter,jcarter@gmail.com,(303) 492-9775,Greystone Capital,Business Development Rep,Biotechnology,Raleigh,NC,United States,salesqualifiedlead,In Progress,11/16/2025
Amy,Thompson,athompson@business.net,(586) 666-6272,Foxglove Biotech,Finance Director,Nonprofit,Richmond,VA,United States,lead,Attempted to Contact,4/28/2025
JOSEPH,TORRES,josephtorres@gmail.com,(575) 755-1681,Coppervale Manufacturing,Regional Sales Manager,Education,Raleigh,NC,United States,lead,Unqualified,2/10/2025
Ashley,Anderson,ashleyanderson@business.net,(572) 601-4004,Quarry Hill Ventures,Office Manager,Media,Portland,OR,United States,marketingqualifiedlead,Unqualified,1/3/2025
Katherine,Davis,kdavis@outlook.com,(816) 227-4257,Quarry Hill Ventures,Operations Director,Real Estate,Sacramento,CA,United States,lead,Unqualified,5/26/2026
Donna,Anderson,danderson@company.com,(326) 881-3224,Hollowridge Transport,Operations Director,Legal Services,Tampa,FL,United States,customer,Unqualified,12/11/2024
John,Nelson,johnnelson@business.net,(539) 289-1803,Ferncrest Media,Executive Assistant,Financial Services,Charleston,SC,United States,lead,Connected,10/22/2025
Thomas,Moore,thomasmoore@yahoo.com,(499) 914-3068,,,Manufacturing,Columbus,OH,United States,subscriber,Attempted to Contact,11/23/2025
Daniel,Walker,daniel.walker@business.net,(744) 715-2925,Silverline Logistics,Controller,Legal Services,Des Moines,IA,United States,lead,Attempted to Contact,1/25/2026
Frank,Wright,frankwright@company.com,(374) 971-2465,Ferncrest Media,Executive Assistant,Nonprofit,Kansas City,MO,United States,subscriber,Open,8/4/2024
Raymond,Hlal,raymondhall@business.net,(381) 666-6901,Hollowridge Transport,Sales Director,Manufacturing,Des Moines,IA,United States,marketingqualifiedlead,In Progress,6/7/2024
Pamela,Adams,padams@yahoo.com,(616) 656-2374,Foxglove Biotech,Marketing Coordinator,Healthcare,Portland,OR,United States,lead,In Progress,3/26/2026
Nicholas,Young,nicholas.young@business.net,(875) 956-3875,Silverline Logistics,CEO,Financial Services,Nashville,TN,United States,customer,New,5/19/2024
Mark,Allen,mallen@business.net,(904) 789-4621,Vantage Point Law,Business Development Rep,Real Estate,Louisville,KY,United States,salesqualifiedlead,Bad Timing,10/23/2026
Linda,Robinson,lindarobinson@business.net,(667) 777-1945,Marlowe & Co.,Regional Sales Manager,Legal Services,Portland,OR,United States,marketingqualifiedlead,Connected,7/9/2024
Frank,Clark,frank.clark@yahoo.com,(411) 268-2653,Fieldstone Education,Sales Director,Construction,Des Moines,IA,United States,opportunity,Connected,4/13/2026
John,Brown,john.brown@yahoo.com,(860) 292-9307,Lumen Health Partners,Regional Sales Manager,Hospitality,Milwaukee,WI,United States,opportunity,Bad Timing,1/15/2026
Shirley,Flores,sflores@company.com,(589) 244-3799,Hollowridge Transport,Office Manager,Hospitality,Nashville,TN,United States,customer,Bad Timing,3/28/2024
Michael,Johnson,michael.johnson@business.net,(306) 468-3544,Silverline Logistics,Purchasing Manager,Logistics,Albuquerque,NM,United States,lead,Open,5/15/2026
Laura,Hernandez,laura.hernandez@business.net,(649) 449-1666,Brightpath Consulting,Account Executive,Media,Milwaukee,WI,United States,customer,Attempted to Contact,3/1/2025
Ryan,Adams,ryanadams@gmail.com,(611) 636-2768,Orchard Lane Foods,Regional Sales Manager,Manufacturing,Austin,TX,United States,subscriber,In Progress,3/3/2026
Frank,Williams,frank.williams@gmail.com,(345) 506-4526,Brightpath Consulting,COO,Education,Kansas City,MO,United States,lead,Attempted to Contact,5/5/2025
Matthew,Lopez,mlopez@yahoo.com,(727) 535-2421,Lumen Health Partners,Account Executive,Financial Services,Des Moines,IA,United States,lead,Unqualified,3/11/2024
Timothy,Hill,timothy.hill@business.net,(838) 875-9369,Redstone Realty,Customer Success Manager,Nonprofit,Portland,OR,United States,customer,In Progress,10/19/2025
Ashley,Martin,ashleymartin@yahoo.com,(989) 520-2476,Meridian Data Systems,Operations Manager,Manufacturing,Denver,CO,United States,customer,Open,3/19/2024
Scott,Hall,shall@gmail.com,(657) 521-3015,Beacon Analytics,VP of Sales,Hospitality,Nashville,TN,United States,lead,Connected,2/18/2024
Gregory,Adams,gregoryadams@business.net,(579) 244-9680,Granite Peak Construction,HR Manager,Media,Boise,ID,United States,salesqualifiedlead,Bad Timing,6/19/2025
Eric,Wright,ewright@gmail.com,(596) 728-1807,Cobalt Digital,IT Manager,Construction,Albuquerque,NM,United States,salesqualifiedlead,In Progress,8/6/2025
Sarah,Adams,sadams@gmail.com,(776) 208-3688,Vantage Point Law,Business Development Rep,Nonprofit,Portland,OR,United States,lead,Connected,3/14/2026
Scott,Torres,scott.torres@gmail.com,(642) 496-7460,Brightpath Consulting,VP of Sales,Technology,Louisville,KY,United States,subscriber,Unqualified,12/2/2026
Nicholas,Johnson,nicholas.johnson@company.com,(386) 602-1741,Silverline Logistics,Executive Assistant,Biotechnology,Raleigh,NC,United States,customer,In Progress,10/24/2025
Laura,Robinson,lrobinson@company.com,(384) 665-9346,Granite Peak Construction,Operations Director,Insurance,Des Moines,IA,United States,salesqualifiedlead,Unqualified,4/6/2025
Gregory,Wilson,gwilson@company.com,(220) 985-1145,Orchard Lane Foods,VP of Sales,Legal Services,Tampa,FL,United States,lead,Attempted to Contact,4/9/2024
Emily,Lewis,emily.lewis@yahoo.com,(475) 777-2009,Brightpath Consulting,Account Executive,Manufacturing,Omaha,NE,United States,customer,In Progress,7/25/2026
Laura,Walker,laurawalker@outlook.com,(764) 348-7284,Cobalt Digital,COO,Education,Tucson,AZ,United States,customer,Open,5/25/2024
Paul,Martin,paul.martin@outlook.com,(938) 397-6169,Ferncrest Media,Operations Director,Media,Tampa,FL,United States,customer,Open,4/24/2024
Michael,Hernandez,michael.hernandez@company.com,(553) 959-9711,Marlowe & Co.,COO,Biotechnology,Richmond,VA,United States,salesqualifiedlead,Unqualified,3/9/2026
Rachel,Rivera,rachelrivera@yahoo.com,(713) 943-7370,Brightpath Consulting,Account Executive,Manufacturing,Portland,OR,United States,subscriber,Open,6/17/2024
Ryan,Wilson,ryanwilson@company.com,(687) 299-8178,Aster Marketing,Regional Sales Manager,Technology,Louisville,KY,United States,subscriber,In Progress,12/4/2024
Eric,Carter,ericcarter@yahoo.com,(864) 960-9715,Driftwood Hospitality,Product Manager,Real Estate,Des Moines,IA,United States,lead,Bad Timing,3/5/2024
Patricia,Garcia,pgarcia@business.net,(221) 983-5415,Crestline Energy,Sales Director,Media,Kansas City,MO,United States,lead,Unqualified,11/15/2026
Kenneth,Carter,kennethcarter@business.net,(841) 444-5499,Vantage Point Law,Operations Manager,Nonprofit,Tampa,FL,United States,marketingqualifiedlead,Open,6/11/2025
Kenneth,Jackson,kenneth.jackson@business.net,(533) 585-5592,Elmshade Legal,Purchasing Manager,Technology,Tucson,AZ,United States,subscriber,Attempted to Contact,10/18/2024
Scott,Brown,scottbrown@gmail.com,(296) 771-7333,Cascade Software,Product Manager,Nonprofit,Richmond,VA,United States,customer,Attempted to Contact,6/3/2024
Joseph,Jones,josephjones@company.com,(243) 401-2766,Beacon Analytics,Marketing Coordinator,Hospitality,Austin,TX,United States,subscriber,Unqualified,5/2/2024
Thomas,Jackson,thomas.jackson@business.net,(910) 394-7512,Orchard Lane Foods,Operations Director,Insurance,Columbus,OH,United States,opportunity,New,8/25/2024
Jacob,Johnson,jacobjohnson@business.net,(824) 426-2035,Meridian Data Systems,Regional Sales Manager,Biotechnology,Des Moines,IA,United States,customer,In Progress,7/4/2026
Jason,Davis,jason.davis@outlook.com,(565) 531-3844,Northwind Traders,Purchasing Manager,Legal Services,Kansas City,MO,United States,marketingqualifiedlead,New,4/15/2025
Thomas,Young,thomasyoung@yahoo.com,(489) 469-5321,Pinnacle Logistics Group,Office Manager,Real Estate,Tampa,FL,United States,lead,In Progress,8/25/2026
Frank,Flores,fflores@yahoo.com,(242) 229-2330,Beacon Analytics,CEO,Logistics,Des Moines,IA,United States,customer,Open,7/20/2026
Robert,Miller,robert.miller@company.com,(770) 762-1002,Elmshade Legal,Operations Manager,Media,Albuquerque,NM,United States,opportunity,Attempted to Contact,5/17/2026
Christopher,Clark,cclark@company.com,(404) 974-5706,Amber Grove Retail,IT Manager,Legal Services,Tucson,AZ,United States,subscriber,Bad Timing,11/19/2024
Mark,Torres,mtorres@gmail.com,(551) 586-7252,Meridian Data Systems,Operations Director,Insurance,Des Moines,IA,United States,salesqualifiedlead,Bad Timing,4/9/2024
Helen,Rivera,helen.rivera@gmail.com,(871) 703-2310,Vantage Point Law,Sales Director,Technology,Denver,CO,United States,opportunity,Connected,6/26/2025
Frank,Wright,frank.wright@outlook.com,(374) 971-2465,Ferncrest Media,Executive Assistant,Nonprofit,Kansas City,MO,United States,subscriber,Open,7/25/2025
Christine,Garcia,christine.garcia@gmail.com,(688) 279-3174,Crestline Energy,HR Manager,Education,Raleigh,NC,United States,customer,Unqualified,1/23/2024
Michael,Rivera,mrivera@company.com,(367) 791-3253,Vantage Point Law,Controller,Logistics,Salt Lake City,UT,United States,lead,Open,12/7/2024
Elizabeth,Thompson,elizabeth.thompson@business.net,(345) 497-8215,Cobalt Digital,CEO,Biotechnology,Austin,TX,United States,marketingqualifiedlead,New,4/7/2024
Mary,Lopez,mary.lopez@company.com,(845) 729-9748,Aster Marketing,Office Manager,Media,Boise,ID,United States,salesqualifiedlead,In Progress,9/28/2025
Linda,Garcia,lindagarcia@yahoo.com,+1 210 634 9334,Hollowridge Transport,VP of Sales,Construction,Salt Lake City,UT,United States,salesqualifiedlead,Attempted to Contact,2/18/2025
Stephen,Clark,stephen.clark@company.com,(617) 848-4829,Hollowridge Transport,Marketing Manager,Logistics,Denver,CO,United States,opportunity,Attempted to Contact,2/8/2026
Amy,Wilson,amywilson@business.net,(775) 912-5450,Brightpath Consulting,Account Executive,Hospitality,Sacramento,CA,United States,customer,Attempted to Contact,4/2/2024
Stephanie,Clark,stephanieclark@outlook.com,(330) 837-9751,Northwind Traders,Purchasing Manager,Hospitality,Albuquerque,NM,United States,opportunity,Connected,2/21/2024
Kathleen,Rivera,kathleen.rivera@outlook.com,(390) 590-5742,Marlowe & Co.,Controller,Retail,Charleston,SC,United States,marketingqualifiedlead,Bad Timing,5/16/2026
Brandon,Garcia,brandongarcia@company.com,(874) 916-2645,Aster Marketing,Purchasing Manager,Logistics,Milwaukee,WI,United States,opportunity,Open,3/28/2026
Ronald,Harris,ronaldharris@company.com,(632) 717-8101,Coppervale Manufacturing,VP of Sales,Insurance,Nashville,TN,United States,salesqualifiedlead,New,7/28/2025
Kenneth,Harris,kennethharris@company.com,(786) 300-9001,Ferncrest Media,Finance Director,Technology,Charleston,SC,United States,salesqualifiedlead,Attempted to Contact,6/6/2026
Raymond,Hall,rhall@business.net,(381) 666-6901,Hollowridge Transport,Sales Director,Manufacturing,Des Moines,IA,United States,marketingqualifiedlead,In Progress,7/27/2025
Debra,King,debra.king@outlook.com,(302) 623-6411,Quarry Hill Ventures,Controller,Manufacturing,Kansas City,MO,United States,customer,Bad Timing,1/18/2024
Mary,Miller,mary.miller@company.com,(286) 741-9426,Greystone Capital,VP of Sales,Real Estate,Boise,ID,United States,subscriber,Unqualified,3/25/2024
Michael,Carter,mcarter@company.com,(762) 274-5762,Willowbrook Nonprofit,Operations Manager,Logistics,Providence,RI,United States,subscriber,Open,10/16/2026
Brandon,Flores,bflores@outlook.com,(719) 307-3736,Meridian Data Systems,Account Executive,Insurance,Raleigh,NC,United States,lead,In Progress,10/12/2024
Jeffrey,Mitchell,jeffreymitchell@gmail.com,,,,Financial Services,Boise,ID,United States,opportunity,Attempted to Contact,2/1/2026
Sharon,Rivera,srivera@gmail.com,(208) 826-9362,Lumen Health Partners,VP of Sales,Insurance,Milwaukee,WI,United States,marketingqualifiedlead,New,9/2/2025
Rachel,Carter,rachelcarter@company.com,(526) 265-4335,Foxglove Biotech,Executive Assistant,Logistics,Salt Lake City,UT,United States,marketingqualifiedlead,Connected,5/22/2024
Dorothy,Campbell,dorothycampbell@yahoo.com,(471) 871-4728,Aster Marketing,Sales Director,Hospitality,Austin,TX,United States,salesqualifiedlead,Open,10/17/2025
Nicole,Moore,nicole.moore@outlook.com,(485) 661-4995,Coppervale Manufacturing,Regional Sales Manager,Hospitality,Richmond,VA,United States,opportunity,Connected,6/1/2025
Anna,Rodriguez,annarodriguez@outlook.com,(408) 538-2295,Hollowridge Transport,Regional Sales Manager,Insurance,Albuquerque,NM,United States,marketingqualifiedlead,New,12/27/2026
Patricia,Lopez,patricia.lopez@yahoo.com,(455) 233-8478,Beacon Analytics,Business Development Rep,Nonprofit,Sacramento,CA,United States,lead,In Progress,5/3/2024
Matthew,Davis,mdavis@gmail.com,(417) 857-1349,Beacon Analytics,Office Manager,Healthcare,Omaha,NE,United States,lead,Bad Timing,4/3/2026
Larry,Rodriguez,lrodriguez@gmail.com,(489) 530-1909,Aster Marketing,Operations Manager,Education,Sacramento,CA,United States,opportunity,Unqualified,7/9/2024
Karen,Miller,karenmiller@company.com,(521) 616-2978,Marlowe & Co.,Business Development Rep,Media,Nashville,TN,United States,lead,Unqualified,8/9/2025
James,Rivera,jrivera@business.net,(320) 732-1117,Lumen Health Partners,Finance Director,Nonprofit,Austin,TX,United States,marketingqualifiedlead,Unqualified,2/5/2025
Raymond,White,raymondwhite@company.com,(441) 571-2627,Willowbrook Nonprofit,Business Development Rep,Education,Sacramento,CA,United States,customer,In Progress,7/9/2024
Samantha,Martinez,samantha.martinez@outlook.com,(487) 985-2884,Foxglove Biotech,Product Manager,Nonprofit,Louisville,KY,United States,lead,Connected,4/16/2025
Carol,Nguyne,carolnguyen@gmail.com,(342) 357-6410,Crestline Energy,COO,Biotechnology,Austin,TX,United States,opportunity,Attempted to Contact,9/10/2024
Sarah,Green,sarahgreen@outlook.com,(874) 357-7932,Driftwood Hospitality,Purchasing Manager,Manufacturing,Salt Lake City,UT,United States,salesqualifiedlead,Attempted to Contact,10/13/2025
Shirley,Brown,shirley.brown@yahoo.com,(231) 614-8408,Marlowe & Co.,Operations Director,Healthcare,Salt Lake City,UT,United States,subscriber,Unqualified,3/4/2024
Matthew,Brown,mbrown@company.com,(819) 817-1647,Foxglove Biotech,Operations Manager,Healthcare,Tampa,FL,United States,opportunity,Connected,9/7/2026
Andrew,Gonzalez,andrewgonzalez@company.com,(386) 602-7182,Elmshade Legal,CEO,Healthcare,Denver,CO,United States,subscriber,New,11/20/2026
Margaret,Garcia,margaretgarcia@yahoo.com,(694) 712-3524,Cobalt Digital,Office Manager,Biotechnology,Omaha,NE,United States,salesqualifiedlead,Connected,3/26/2024
Emily,Harris,emilyharris@company.com,(537) 509-1187,Redstone Realty,Business Development Rep,Nonprofit,Kansas City,MO,United States,lead,New,2/15/2026
Amanda,Taylor,amandataylor@company.com,(372) 950-6770,Ironwood Manufacturing,VP of Sales,Nonprofit,Tucson,AZ,United States,opportunity,Unqualified,9/21/2024
Charles,Lopez,charleslopez@company.com,(516) 947-8311,Cascade Software,Customer Success Manager,Manufacturing,Columbus,OH,United States,lead,Open,10/25/2024
Susan,Jones,susanjones@gmail.com,(364) 949-2228,Marlowe & Co.,Operations Manager,Technology,Richmond,VA,United States,opportunity,Attempted to Contact,7/24/2024
Daniel,Flores,danielflores@company.com,(874) 387-2565,Lumen Health Partners,Sales Director,Healthcare,Boise,ID,United States,lead,In Progress,9/10/2026
Nicholas,Jones,njones@company.com,(946) 760-6353,Vantage Point Law,Marketing Manager,Media,Milwaukee,WI,United States,subscriber,Connected,3/21/2026
Matthew,Brown,matthewbrown@gmail.com,(819) 817-1647,Foxglove Biotech,Operations Manager,Healthcare,Tampa,FL,United States,opportunity,Connected,2/4/2026
Charles,Hlal,charles.hall@business.net,(410) 757-8244,Quarry Hill Ventures,Business Development Rep,Biotechnology,Albuquerque,NM,United States,customer,Unqualified,3/1/2026
James,Rivera,james.rivera@yahoo.com,(488) 231-4854,Granite Peak Construction,CEO,Real Estate,Providence,RI,United States,customer,In Progress,7/13/2026
Jason,Garcia,jasongarcia@business.net,(404) 299-1421,Cobalt Digital,Customer Success Manager,Legal Services,Salt Lake City,UT,United States,marketingqualifiedlead,New,2/10/2025
Matthew,White,matthew.white@yahoo.com,(595) 716-8378,Coppervale Manufacturing,Operations Director,Logistics,Providence,RI,United States,opportunity,Connected,2/5/2026
Paul,Scott,paulscott@yahoo.com,(915) 696-2989,Northwind Traders,COO,Media,Portland,OR,United States,lead,Connected,5/18/2024
Jennifer,Baker,jennifer.baker@company.com,(595) 462-9851,Aster Marketing,IT Manager,Retail,Richmond,VA,United States,opportunity,Bad Timing,9/26/2025
Frank,Clark,frank.clark@gmail.com,(411) 268-2653,Fieldstone Education,Sales Director,Construction,Des Moines,IA,United States,opportunity,Connected,1/8/2026
EDWARD,WHITE,edwardwhite@outlook.com,(457) 585-4651,Pinnacle Logistics Group,Purchasing Manager,Technology,Charleston,SC,United States,marketingqualifiedlead,Unqualified,3/22/2024
Dorothy,Flores,dorothyflores@business.net,(251) 333-1475,Orchard Lane Foods,Sales Director,Manufacturing,Richmond,VA,United States,salesqualifiedlead,New,7/13/2024
David,Flores,dflores@business.net,(446) 709-3344,Harborview Financial,Regional Sales Manager,Legal Services,Albuquerque,NM,United States,marketingqualifiedlead,Unqualified,11/1/2025
Mary,Hall,maryhall@company.com,(209) 984-8052,Driftwood Hospitality,IT Manager,Hospitality,Tucson,AZ,United States,lead,Bad Timing,9/12/2024
Nancy,Jones,nancyjones2@outlook.com,405.809.7623,Ferncrest Media,HR Manager,Insurance,Milwaukee,WI,United States,salesqualifiedlead,Connected,2/7/2024
Stephen,Sanchez,stephensanchez@gmail.com,(713) 644-3136,Coppervale Manufacturing,VP of Sales,Construction,Tampa,FL,United States,opportunity,Open,7/21/2025
Kenneth,Hill,kennethhill@gmail.com,(259) 683-9674,Steadfast Insurance,CEO,Healthcare,Kansas City,MO,United States,lead,New,11/8/2024
Lisa,Allen,lallen@company.com,(417) 390-4292,Beacon Analytics,Customer Success Manager,Media,Raleigh,NC,United States,lead,In Progress,8/21/2025
Mary,Rivera,mary.rivera@gmail.com,(546) 522-7580,Coppervale Manufacturing,Customer Success Manager,Real Estate,Louisville,KY,United States,subscriber,Unqualified,11/21/2024
Edward,Sanchez,edwardsanchez@business.net,(438) 813-1173,Vantage Point Law,Purchasing Manager,Construction,Raleigh,NC,United States,salesqualifiedlead,Attempted to Contact,2/11/2026
Jacob,Flores,jflores3@outlook.com,(864) 333-1235,Ironwood Manufacturing,Sales Director,Biotechnology,Columbus,OH,United States,marketingqualifiedlead,Bad Timing,8/20/2024
Rachel,Carter,rachel.carter@outlook.com,(526) 265-4335,Foxglove Biotech,Executive Assistant,Logistics,Salt Lake City,UT,United States,marketingqualifiedlead,Connected,8/14/2026
Samuel,Carter,samuelcarter@business.net,(863) 495-1388,Harborview Financial,Office Manager,Technology,Columbus,OH,United States,lead,Open,1/22/2026
John,Smith,johnsmith@outlook.com,(339) 534-8606,,,Manufacturing,Tampa,FL,United States,subscriber,Attempted to Contact,12/18/2024
Carolyn,Wright,cwright@business.net,(944) 358-7797,Meridian Data Systems,Account Executive,Insurance,Boise,ID,United States,salesqualifiedlead,Attempted to Contact,5/2/2025
Stephen,Nguyen,stephen.nguyen@company.com,(356) 400-6404,Harborview Financial,Purchasing Manager,Hospitality,Charleston,SC,United States,lead,Unqualified,10/7/2026
David,Thomas,david.thomas@outlook.com,(976) 446-8800,Meridian Data Systems,Controller,Construction,Boise,ID,United States,subscriber,New,12/18/2026
Carolyn,Martinez,carolyn.martinez@outlook.com,(733) 842-1371,Cascade Software,Executive Assistant,Legal Services,Tucson,AZ,United States,opportunity,Open,6/14/2025
Mary,Wilson,marywilson@company.com,(261) 832-8916,Willowbrook Nonprofit,Controller,Retail,Louisville,KY,United States,subscriber,Attempted to Contact,7/1/2026
Nicole,Anderson,nicoleanderson@gmail.com,(735) 628-9773,Willowbrook Nonprofit,Controller,Hospitality,Providence,RI,United States,lead,Unqualified,2/13/2025
Larry,Campbell,lcampbell@yahoo.com,(315) 949-8847,Greystone Capital,Sales Director,Financial Services,Omaha,NE,United States,customer,Attempted to Contact,5/1/2024
Laura,Taylor,laura.taylor@business.net,9677521853,Steadfast Insurance,HR Manager,Legal Services,Denver,CO,United States,subscriber,Bad Timing,5/20/2025
Thomas,Martin,tmartin2@company.com,(563) 547-4694,Granite Peak Construction,Executive Assistant,Legal Services,Austin,TX,United States,salesqualifiedlead,Bad Timing,9/10/2026
Deborah,Thomas,deborah.thomas@gmail.com,(631) 228-1238,Amber Grove Retail,Finance Director,Legal Services,Sacramento,CA,United States,customer,New,2/26/2024
Ronald,Nguyen,ronaldnguyen@yahoo.com,(530) 339-3580,Aster Marketing,Executive Assistant,Media,Raleigh,NC,United States,customer,Unqualified,6/6/2026
Edward,White,ewhite@gmail.com,(457) 585-4651,Pinnacle Logistics Group,Purchasing Manager,Technology,Charleston,SC,United States,marketingqualifiedlead,Unqualified,10/1/2025
Frank,Baker,fbaker@gmail.com,(861) 240-6061,Driftwood Hospitality,Regional Sales Manager,Retail,Portland,OR,United States,opportunity,In Progress,3/3/2026
Joseph,Nelson,josephnelson@company.com,(556) 395-6254,Steadfast Insurance,COO,Legal Services,Boise,ID,United States,subscriber,Bad Timing,3/12/2025
Stephanie,Nelson,stephanienelson@business.net,(716) 593-7859,Fieldstone Education,HR Manager,Logistics,Des Moines,IA,United States,salesqualifiedlead,In Progress,8/26/2025
Debra,Lewis,debralewis@yahoo.com,(815) 566-7336,Ironwood Manufacturing,Marketing Manager,Manufacturing,Raleigh,NC,United States,salesqualifiedlead,In Progress,8/1/2024
Carolyn,Hall,chall@gmail.com,(793) 560-3354,Northwind Traders,VP of Sales,Education,Milwaukee,WI,United States,marketingqualifiedlead,In Progress,7/11/2025
Charles,Robinson,charles.robinson@outlook.com,(956) 759-9313,Amber Grove Retail,IT Manager,Construction,Richmond,VA,United States,marketingqualifiedlead,Bad Timing,11/5/2026
Donald,Jackson,donaldjackson@outlook.com,(336) 476-1844,Meridian Data Systems,HR Manager,Insurance,Columbus,OH,United States,lead,Attempted to Contact,1/21/2024
Joshua,Torres,joshuatorres@gmail.com,(491) 665-9901,Pinnacle Logistics Group,Controller,Biotechnology,Des Moines,IA,United States,lead,Bad Timing,8/9/2026
Deborah,Robinson,deborah.robinson@business.net,(717) 336-7461,Silverline Logistics,CEO,Hospitality,Denver,CO,United States,subscriber,Unqualified,3/8/2026
Deborah,Hernandez,deborah.hernandez@gmail.com,(935) 738-8129,Coppervale Manufacturing,Regional Sales Manager,Insurance,Charleston,SC,United States,customer,Unqualified,4/23/2024
Jessica,Garcia,jgarcia@yahoo.com,(913) 817-1660,Cobalt Digital,Office Manager,Financial Services,Nashville,TN,United States,subscriber,Connected,6/13/2024
Gregory,Williams,gwilliams@outlook.com,(200) 361-2422,Redstone Realty,Purchasing Manager,Technology,Milwaukee,WI,United States,customer,Unqualified,10/7/2025
LISA,RODRIGUEZ,lisarodriguez@company.com,(500) 406-1717,Driftwood Hospitality,Finance Director,Biotechnology,Denver,CO,United States,subscriber,In Progress,1/9/2026
Stephanie,Jones,stephaniejones@yahoo.com,(746) 660-1268,Beacon Analytics,Office Manager,Retail,Providence,RI,United States,marketingqualifiedlead,Bad Timing,1/13/2026
Donna,Torres,donna.torres@outlook.com,985-836-1430,Fieldstone Education,Product Manager,Retail,Kansas City,MO,United States,lead,In Progress,3/8/2025
Lisa,Harris,lisa.harris@company.com,(367) 397-4707,Beacon Analytics,Executive Assistant,Media,Tucson,AZ,United States,subscriber,In Progress,4/24/2025
Samuel,White,swhite@business.net,(817) 401-4170,Cascade Software,Regional Sales Manager,Financial Services,Charleston,SC,United States,customer,New,3/24/2024
Jeffrey,Miller,jeffrey.miller@company.com,(939) 347-7717,Foxglove Biotech,VP of Sales,Manufacturing,Louisville,KY,United States,salesqualifiedlead,Bad Timing,6/20/2025
Amy,Mitchell,amitchell@company.com,(979) 430-6250,Steadfast Insurance,Product Manager,Education,Charleston,SC,United States,customer,Unqualified,8/28/2024
Debbie,Thompson,deborah.thompson@gmail.com,(739) 325-8703,Quarry Hill Ventures,Operations Director,Legal Services,Omaha,NE,United States,opportunity,In Progress,8/9/2026
Amy,White,awhite@gmail.com,(728) 327-5670,Silverline Logistics,Customer Success Manager,Logistics,Providence,RI,United States,salesqualifiedlead,Attempted to Contact,7/3/2024
Cynthia,Nguyen,cynthianguyen@outlook.com,(783) 601-1834,Amber Grove Retail,Marketing Manager,Manufacturing,Kansas City,MO,United States,customer,Bad Timing,7/14/2026
Dorothy,Hill,dorothyhill@yahoo.com,(208) 730-3369,Beacon Analytics,HR Manager,Education,Richmond,VA,United States,opportunity,Bad Timing,7/12/2024
Edward,Sanchez,edwardsanchez@gmail.com,(654) 786-8341,Silverline Logistics,Controller,Construction,Kansas City,MO,United States,marketingqualifiedlead,New,12/21/2025
Daniel,Baker,dbaker@business.net,(286) 888-3194,Amber Grove Retail,Account Executive,Healthcare,Salt Lake City,UT,United States,marketingqualifiedlead,New,6/23/2024
Deborah,Green,dgreen@gmail.com,(272) 594-6454,Pinnacle Logistics Group,Sales Director,Logistics,Omaha,NE,United States,salesqualifiedlead,Bad Timing,12/20/2025
Michael,Thomas,michaelthomas@outlook.com,(214) 551-2823,Cascade Software,Regional Sales Manager,Construction,Des Moines,IA,United States,subscriber,In Progress,12/18/2024
Katherine,Allen,katherine.allen@outlook.com,(582) 980-3646,Marlowe & Co.,Marketing Coordinator,Biotechnology,Des Moines,IA,United States,subscriber,Attempted to Contact,8/1/2025
Joshua,Anderson,janderson@yahoo.com,(412) 906-9011,Amber Grove Retail,Controller,Technology,Salt Lake City,UT,United States,opportunity,Bad Timing,5/10/2026
Frank,Gonzalez,frank.gonzalez2@yahoo.com,(848) 568-1749,Driftwood Hospitality,Office Manager,Legal Services,Austin,TX,United States,salesqualifiedlead,Open,8/13/2026
Joseph,Millre,jmiller@yahoo.com,(347) 387-5187,Coppervale Manufacturing,Operations Manager,Financial Services,Providence,RI,United States,marketingqualifiedlead,Unqualified,6/7/2024
Elizabeth,Davis,elizabethdavis@gmail.com,(556) 519-6940,Brightpath Consulting,Regional Sales Manager,Biotechnology,Portland,OR,United States,opportunity,Attempted to Contact,3/23/2025
Kenneth,Carter,kcarter@business.net,(716) 636-9976,Vantage Point Law,Customer Success Manager,Nonprofit,Omaha,NE,United States,salesqualifiedlead,Unqualified,4/27/2025
Karen,Torres,karen.torres@company.com,(241) 681-9261,Beacon Analytics,Executive Assistant,Education,Austin,TX,United States,salesqualifiedlead,Unqualified,2/15/2026
William,Perez,williamperez@yahoo.com,(479) 349-4698,Redstone Realty,Marketing Manager,Manufacturing,Denver,CO,United States,salesqualifiedlead,Open,2/26/2025
Patricia,Garcia,patriciagarcia@business.net,221-983-5415,Crestline Energy,Sales Director,Media,Kansas City,MO,United States,lead,Unqualified,6/26/2024
Stephen,Lopez,stephenlopez@business.net,(227) 391-4260,Silverline Logistics,Purchasing Manager,Logistics,Columbus,OH,United States,lead,Open,11/17/2025
Sarah,Campbell,sarahcampbell@company.com,(465) 628-7628,Lumen Health Partners,Sales Director,Hospitality,Austin,TX,United States,customer,Attempted to Contact,6/24/2024
Linda,Martin,linda.martin@gmail.com,(924) 340-1185,Ironwood Manufacturing,Controller,Technology,Nashville,TN,United States,opportunity,Attempted to Contact,5/6/2026
Katherine,Wright,katherine.wright@business.net,(484) 285-6077,Silverline Logistics,Marketing Coordinator,Biotechnology,Providence,RI,United States,lead,Bad Timing,9/11/2024
Amanda,Davis,amandadavis2@outlook.com,2724347276,Silverline Logistics,Account Executive,Manufacturing,Boise,ID,United States,marketingqualifiedlead,In Progress,8/16/2025
Sharon,Nelson,sharonnelson@company.com,(879) 892-7305,Brightpath Consulting,Operations Director,Biotechnology,Kansas City,MO,United States,opportunity,New,11/6/2024
Eric,Torres,eric.torres@gmail.com,(709) 289-5937,Elmshade Legal,Operations Director,Insurance,Louisville,KY,United States,salesqualifiedlead,Open,2/16/2025
Joshua,Young,jyoung@yahoo.com,(817) 334-6882,Willowbrook Nonprofit,Account Executive,Insurance,Boise,ID,United States,marketingqualifiedlead,Attempted to Contact,8/15/2024
Angela,Lewis,alewis@outlook.com,(730) 492-4190,Beacon Analytics,COO,Education,Austin,TX,United States,opportunity,Connected,10/6/2024
Ryan,Robinson,rrobinson@gmail.com,(293) 494-8476,Steadfast Insurance,IT Manager,Real Estate,Charleston,SC,United States,opportunity,Bad Timing,7/8/2024
Robert,Harris,robert.harris@gmail.com,596-582-5155,Aster Marketing,Marketing Manager,Technology,Tucson,AZ,United States,subscriber,In Progress,3/11/2026
Rebecca,Flores,rebeccaflores@company.com,(294) 534-1901,Fieldstone Education,Finance Director,Hospitality,Kansas City,MO,United States,opportunity,Open,4/1/2025
Jason,Johnson,jason.johnson@outlook.com,(252) 589-7673,Pinnacle Logistics Group,IT Manager,Nonprofit,Des Moines,IA,United States,customer,Open,6/14/2024
Frank,Miller,fmiller@gmail.com,(318) 626-8279,Lumen Health Partners,Account Executive,Education,Austin,TX,United States,marketingqualifiedlead,Unqualified,3/7/2026
Carol,Borwn,cbrown@company.com,(921) 345-2817,Foxglove Biotech,Marketing Coordinator,Insurance,Austin,TX,United States,marketingqualifiedlead,New,12/14/2024
Christine,Baker,christine.baker@company.com,+1 536 801 4153,Ferncrest Media,Account Executive,Retail,Austin,TX,United States,opportunity,Connected,3/26/2024
Stephen,Miller,stephen.miller@business.net,(295) 971-4872,Ironwood Manufacturing,Executive Assistant,Construction,Columbus,OH,United States,salesqualifiedlead,Open,1/6/2025
John,Smith,jsmith@gmail.com,(339) 534-8606,Orchard Lane Foods,Regional Sales Manager,Manufacturing,Tampa,FL,United States,subscriber,Attempted to Contact,4/23/2026
Stephen,Rodriguez,stephen.rodriguez@gmail.com,(516) 607-8842,Pinnacle Logistics Group,Executive Assistant,Media,Des Moines,IA,United States,salesqualifiedlead,Bad Timing,2/5/2026
Pamela,Rivera,pamelarivera@yahoo.com,(351) 581-8347,Marlowe & Co.,Customer Success Manager,Education,Columbus,OH,United States,marketingqualifiedlead,New,7/16/2024
Laura,Thomas,laurathomas@outlook.com,(519) 819-6395,Vantage Point Law,Operations Director,Financial Services,Charleston,SC,United States,lead,Connected,10/18/2024
Andrew,Baker,abaker@company.com,(883) 515-1744,Harborview Financial,Purchasing Manager,Hospitality,Charleston,SC,United States,subscriber,New,5/7/2024
Laura,Martinez,lauramartinez@company.com,(226) 818-5055,Silverline Logistics,Product Manager,Manufacturing,Richmond,VA,United States,opportunity,New,9/14/2026
Timothy,Lopez,timothylopez@company.com,(591) 659-7184,Lumen Health Partners,Operations Manager,Legal Services,Portland,OR,United States,customer,Bad Timing,3/21/2026
Carol,Davis,carol.davis@business.net,(529) 418-1746,Crestline Energy,Customer Success Manager,Technology,Charleston,SC,United States,subscriber,New,3/25/2025
Sandra,Young,sandrayoung@yahoo.com,(545) 760-3139,Crestline Energy,Controller,Media,Tampa,FL,United States,marketingqualifiedlead,Connected,1/4/2024
Benjamin,Flores,benjamin.flores@business.net,(921) 271-1750,Willowbrook Nonprofit,HR Manager,Media,Milwaukee,WI,United States,marketingqualifiedlead,New,2/13/2024
Kevin,White,kwhite@outlook.com,(743) 686-1144,Ferncrest Media,Business Development Rep,Construction,Salt Lake City,UT,United States,lead,Connected,10/8/2026
Pamela,Milelr,pmiller@yahoo.com,(325) 473-8366,Harborview Financial,VP of Sales,Manufacturing,Richmond,VA,United States,subscriber,In Progress,10/13/2024
Jeffrey,Mitchell,jeffrey.mitchell@yahoo.com,(264) 222-4806,Elmshade Legal,Marketing Coordinator,Legal Services,Austin,TX,United States,marketingqualifiedlead,Unqualified,6/21/2026
William,Taylor,wtaylor@gmail.com,(894) 737-4669,Willowbrook Nonprofit,Office Manager,Education,Richmond,VA,United States,opportunity,Connected,10/4/2026
John,Wright,johnwright@company.com,(936) 957-3064,Pinnacle Logistics Group,Operations Director,Logistics,Richmond,VA,United States,lead,New,4/24/2024
Robert,Harris,rharris@gmail.com,(596) 582-5155,Aster Marketing,Marketing Manager,Technology,Tucson,AZ,United States,subscriber,In Progress,12/22/2024
Samantha,Roberts,sroberts@outlook.com,(448) 232-2800,Cobalt Digital,Marketing Manager,Construction,Albuquerque,NM,United States,marketingqualifiedlead,Unqualified,7/23/2024
Ronald,Allen,ronald.allen@outlook.com,(797) 561-1797,Beacon Analytics,IT Manager,Construction,Omaha,NE,United States,opportunity,Bad Timing,11/16/2026
Joseph,Young,josephyoung@company.com,(926) 774-8949,Vantage Point Law,Controller,Manufacturing,Columbus,OH,United States,customer,Bad Timing,2/12/2024
Samantha,Miller,samanthamiller@gmail.com,(287) 586-3042,Redstone Realty,Operations Manager,Technology,Nashville,TN,United States,subscriber,Attempted to Contact,8/16/2024
Emma,Moore,emmamoore@outlook.com,(954) 404-4847,Aster Marketing,HR Manager,Insurance,Nashville,TN,United States,marketingqualifiedlead,Open,4/27/2024
Lisa,Rodriguez,lisa.rodriguez@company.com,(500) 406-1717,Driftwood Hospitality,Finance Director,Biotechnology,Denver,CO,United States,subscriber,In Progress,9/13/2025
Brenda,Ramirez,brenda.ramirez@company.com,(453) 671-6671,Brightpath Consulting,Product Manager,Healthcare,Providence,RI,United States,customer,Bad Timing,1/26/2024
Jason,Adams,jasonadams@yahoo.com,(748) 633-6990,Fieldstone Education,Product Manager,Legal Services,Charleston,SC,United States,salesqualifiedlead,Bad Timing,7/18/2024
Richard,Miller,rmiller@outlook.com,(659) 343-7912,Ironwood Manufacturing,Product Manager,Construction,Sacramento,CA,United States,lead,Bad Timing,8/26/2024
David,Adams,davidadams@gmail.com,(588) 586-8798,Beacon Analytics,Marketing Manager,Nonprofit,Columbus,OH,United States,lead,New,7/21/2025
Cynthia,Green,cynthia.green@company.com,(694) 629-9581,Hollowridge Transport,Marketing Coordinator,Media,Raleigh,NC,United States,subscriber,Open,5/23/2026
FRANK,FLORES,frank.flores@business.net,(242) 229-2330,Beacon Analytics,CEO,Logistics,Des Moines,IA,United States,customer,Open,6/1/2025
George,Rivera,george.rivera@gmail.com,(977) 874-4633,Northwind Traders,Office Manager,Technology,Omaha,NE,United States,customer,Bad Timing,9/17/2025
Jacob,Lopez,jacoblopez@yahoo.com,(212) 324-5078,Lumen Health Partners,Regional Sales Manager,Healthcare,Sacramento,CA,United States,customer,New,8/24/2024
Mark,Lopez,mlopez@gmail.com,(363) 625-9897,Marlowe & Co.,Purchasing Manager,Manufacturing,Louisville,KY,United States,marketingqualifiedlead,Open,11/11/2024
David,Ramirez,dramirez@outlook.com,(500) 528-2680,Silverline Logistics,Office Manager,Legal Services,Des Moines,IA,United States,marketingqualifiedlead,In Progress,10/23/2025
Michelle,Gonzalez,mgonzalez@yahoo.com,857.238.4900,Hollowridge Transport,COO,Construction,Portland,OR,United States,customer,In Progress,2/3/2026
George,Roberts,georgeroberts@outlook.com,(938) 264-9830,Elmshade Legal,Purchasing Manager,Healthcare,Des Moines,IA,United States,opportunity,Connected,9/5/2025
David,Hernandez,dhernandez@outlook.com,(276) 360-1043,Granite Peak Construction,Regional Sales Manager,Nonprofit,Kansas City,MO,United States,opportunity,Unqualified,1/8/2025
James,Martin,jamesmartin@outlook.com,(222) 906-5521,Hollowridge Transport,Operations Director,Education,Kansas City,MO,United States,opportunity,Attempted to Contact,3/4/2026
Benjamin,Robinson,benjamin.robinson@gmail.com,(651) 667-1011,Granite Peak Construction,Finance Director,Nonprofit,Austin,TX,United States,lead,Connected,3/28/2025
Nicholas,Walker,nicholas.walker@outlook.com,(969) 703-6253,Harborview Financial,Office Manager,Logistics,Tucson,AZ,United States,subscriber,Attempted to Contact,9/21/2024
Benjamin,Baker,bbaker@outlook.com,(292) 644-2612,Coppervale Manufacturing,Account Executive,Construction,Salt Lake City,UT,United States,lead,Connected,1/2/2025
Donald,Clark,donald.clark@company.com,(313) 711-9782,Northwind Traders,Marketing Coordinator,Hospitality,Des Moines,IA,United States,lead,Connected,5/14/2024
Robert,Hall,robert.hall@gmail.com,(692) 864-3378,Meridian Data Systems,HR Manager,Real Estate,Sacramento,CA,United States,customer,Bad Timing,4/3/2026
Samuel,Carter,scarter@company.com,(397) 221-7189,Steadfast Insurance,VP of Sales,Logistics,Milwaukee,WI,United States,subscriber,Unqualified,8/18/2026
Raymond,Thomas,raymondthomas@company.com,(581) 220-6535,Elmshade Legal,IT Manager,Logistics,Columbus,OH,United States,marketingqualifiedlead,Bad Timing,12/22/2025
Jonathan,Allen,jonathan.allen@business.net,(568) 918-9796,Fieldstone Education,Operations Manager,Manufacturing,Boise,ID,United States,lead,Connected,6/6/2026
Nancy,Allen,nancyallen@yahoo.com,(335) 291-6198,Quarry Hill Ventures,Marketing Coordinator,Real Estate,Tucson,AZ,United States,lead,In Progress,6/2/2024
Steven,Smith,stevensmith@company.com,(756) 205-9084,Harborview Financial,Finance Director,Hospitality,Omaha,NE,United States,customer,Unqualified,7/15/2025
Gary,Adams,gary.adams@outlook.com,(800) 786-8856,Redstone Realty,Account Executive,Media,Louisville,KY,United States,opportunity,Open,8/21/2025
Ashley,King,aking@outlook.com,(223) 909-9731,Fieldstone Education,Product Manager,Legal Services,Tampa,FL,United States,opportunity,Unqualified,7/21/2024
Robert,King,robertking@gmail.com,(217) 714-8054,Driftwood Hospitality,Customer Success Manager,Manufacturing,Tampa,FL,United States,subscriber,Attempted to Contact,11/26/2024
Linda,Garcia,lindagarcia@business.net,(210) 634-9334,Hollowridge Transport,VP of Sales,Construction,Salt Lake City,UT,United States,salesqualifiedlead,Attempted to Contact,11/18/2026
Patricia,Young,patricia.young@gmail.com,(440) 938-8287,Crestline Energy,CEO,Technology,Louisville,KY,United States,salesqualifiedlead,Open,11/11/2026
Margaret,Thomas,mthomas2@outlook.com,(454) 510-5675,Crestline Energy,Regional Sales Manager,Legal Services,Boise,ID,United States,lead,In Progress,10/16/2026
Kim,Baker,kimberlybaker2@business.net,(668) 387-8191,Steadfast Insurance,Regional Sales Manager,Education,Des Moines,IA,United States,marketingqualifiedlead,In Progress,12/24/2024
Samantha,Perez,samanthaperez@company.com,(642) 618-7021,Driftwood Hospitality,Controller,Technology,Boise,ID,United States,marketingqualifiedlead,Unqualified,3/15/2024
Jonathan,Roberts,jroberts@outlook.com,(686) 762-3705,Redstone Realty,Marketing Coordinator,Insurance,Portland,OR,United States,opportunity,Unqualified,9/25/2024
Scott,Davis,sdavis@yahoo.com,(954) 599-4865,Hollowridge Transport,Executive Assistant,Healthcare,Richmond,VA,United States,lead,New,4/9/2024
Donna,Taylor,donna.taylor@outlook.com,(729) 983-4937,Greystone Capital,Sales Director,Media,Salt Lake City,UT,United States,opportunity,Unqualified,6/22/2026
James,Flores,jflores2@outlook.com,(626) 391-2402,Pinnacle Logistics Group,Business Development Rep,Manufacturing,Milwaukee,WI,United States,opportunity,Attempted to Contact,9/18/2026
Ashley,Wright,ashleywright@outlook.com,(380) 237-7504,Driftwood Hospitality,Controller,Financial Services,Columbus,OH,United States,customer,Bad Timing,1/1/2025
EMILY,WHITE,emilywhite@outlook.com,(463) 552-1324,Granite Peak Construction,Account Executive,Technology,Milwaukee,WI,United States,customer,Attempted to Contact,9/27/2024
Donna,Martinez,dmartinez@company.com,(576) 515-1345,Meridian Data Systems,COO,Retail,Milwaukee,WI,United States,customer,Connected,12/26/2024
Timothy,Johnson,timothy.johnson@gmail.com,(787) 806-3639,Brightpath Consulting,Marketing Coordinator,Retail,Kansas City,MO,United States,opportunity,Open,3/9/2024
Robert,Nguyen,rnguyen@outlook.com,(425) 207-2163,Quarry Hill Ventures,Sales Director,Healthcare,Providence,RI,United States,subscriber,New,2/17/2025
Mary,Scott,mary.scott@outlook.com,(242) 205-7456,Marlowe & Co.,Operations Director,Manufacturing,Providence,RI,United States,marketingqualifiedlead,Open,12/24/2026
Joshua,Walker,joshua.walker@yahoo.com,(804) 974-7156,Silverline Logistics,Marketing Manager,Real Estate,Louisville,KY,United States,customer,In Progress,3/18/2025
Nicole,Johnson,njohnson@business.net,(345) 776-4084,Elmshade Legal,Controller,Education,Milwaukee,WI,United States,marketingqualifiedlead,Open,1/3/2025
Pamela,Walker,pamela.walker@outlook.com,(768) 695-5157,Cascade Software,CEO,Technology,Nashville,TN,United States,customer,Unqualified,2/9/2026
Sarah,Williams,sarahwilliams@yahoo.com,(318) 299-4846,Greystone Capital,Operations Director,Financial Services,Columbus,OH,United States,salesqualifiedlead,Unqualified,11/24/2025
Steven,Lee,steven.lee@gmail.com,(316) 923-8362,Meridian Data Systems,Business Development Rep,Manufacturing,Nashville,TN,United States,opportunity,Connected,12/26/2025
STEVEN,CARTER,stevencarter@company.com,(718) 505-6956,Marlowe & Co.,Customer Success Manager,Real Estate,Columbus,OH,United States,customer,New,8/27/2026
Emma,Sanchez,emma.sanchez@yahoo.com,(614) 221-6321,Ironwood Manufacturing,COO,Construction,Boise,ID,United States,customer,In Progress,7/28/2024
Jennifer,Roberts,jennifer.roberts@yahoo.com,(906) 727-2706,Quarry Hill Ventures,Sales Director,Biotechnology,Providence,RI,United States,salesqualifiedlead,Bad Timing,2/4/2025
Mark,White,mark.white@business.net,(941) 593-7564,Fieldstone Education,Marketing Coordinator,Logistics,Denver,CO,United States,customer,Attempted to Contact,3/21/2024
Jeffrey,Clark,jeffrey.clark@business.net,(702) 746-7139,Quarry Hill Ventures,Account Executive,Technology,Tampa,FL,United States,opportunity,Unqualified,11/8/2025
Anthony,Clark,anthony.clark@business.net,953.944.2020,Quarry Hill Ventures,VP of Sales,Education,Louisville,KY,United States,lead,Attempted to Contact,5/23/2025
John,Moore,johnmoore@company.com,(954) 622-6451,Quarry Hill Ventures,Executive Assistant,Biotechnology,Denver,CO,United States,subscriber,Bad Timing,12/9/2024
John,Moore,johnmoore@yahoo.com,(954) 622-6451,Quarry Hill Ventures,Executive Assistant,Biotechnology,Denver,CO,United States,subscriber,Bad Timing,12/11/2025
Carolyn,Torres,carolyn.torres@company.com,(460) 688-4809,Hollowridge Transport,Operations Manager,Logistics,Raleigh,NC,United States,opportunity,Attempted to Contact,5/7/2025
Cynthia,Harris,charris@business.net,(242) 299-9704,Meridian Data Systems,Business Development Rep,Insurance,Richmond,VA,United States,salesqualifiedlead,Attempted to Contact,5/11/2026
Jason,Walker,jwalker@gmail.com,(555) 603-3863,Vantage Point Law,Account Executive,Nonprofit,Providence,RI,United States,opportunity,Unqualified,12/1/2025
Gary,Garcia,gary.garcia@gmail.com,(291) 923-5648,Granite Peak Construction,Controller,Nonprofit,Austin,TX,United States,lead,Open,11/9/2024
Kimberly,Wright,kimberlywright@business.net,(242) 201-8612,Elmshade Legal,COO,Logistics,Boise,ID,United States,customer,Open,1/16/2024
Debbie,Hernandez,deborahhernandez@outlook.com,(935) 738-8129,Coppervale Manufacturing,Regional Sales Manager,Insurance,Charleston,SC,United States,customer,Unqualified,8/7/2025
Stephanie,Lewis,stephanielewis2@company.com,(670) 236-1538,Ironwood Manufacturing,Operations Director,Legal Services,Richmond,VA,United States,marketingqualifiedlead,Connected,8/14/2024
Gregory,Robinson,gregory.robinson@gmail.com,(384) 763-7579,Pinnacle Logistics Group,Office Manager,Legal Services,Boise,ID,United States,lead,Attempted to Contact,8/12/2026
Paul,Green,paul.green@business.net,+1 779 944 1981,Pinnacle Logistics Group,Finance Director,Technology,Providence,RI,United States,salesqualifiedlead,Open,8/21/2026
Nicole,Baker,nbaker@business.net,(872) 679-3148,Greystone Capital,IT Manager,Nonprofit,Richmond,VA,United States,customer,Unqualified,11/21/2025
Robert,Nguyen,rnguyen@yahoo.com,(697) 419-9834,Brightpath Consulting,CEO,Hospitality,Kansas City,MO,United States,salesqualifiedlead,Open,7/7/2025
Christine,Clark,christine.clark@yahoo.com,(626) 937-6241,Redstone Realty,Operations Manager,Hospitality,Kansas City,MO,United States,marketingqualifiedlead,New,11/2/2026
Lisa,Flores,lisa.flores@yahoo.com,(201) 321-1392,Vantage Point Law,Account Executive,Nonprofit,Kansas City,MO,United States,lead,Bad Timing,7/14/2026
Samuel,White,samuelwhite@outlook.com,(457) 542-8424,Beacon Analytics,Account Executive,Nonprofit,Salt Lake City,UT,United States,subscriber,Attempted to Contact,3/26/2024
Christine,Carter,christine.carter@yahoo.com,(660) 469-6711,Foxglove Biotech,Operations Manager,Construction,Kansas City,MO,United States,subscriber,Bad Timing,4/26/2024
Edward,Ramirez,eramirez@outlook.com,(377) 686-3278,Cobalt Digital,Operations Director,Real Estate,Providence,RI,United States,marketingqualifiedlead,Bad Timing,3/10/2025
Mark,White,mark.white@outlook.com,(941) 593-7564,Fieldstone Education,Marketing Coordinator,Logistics,Denver,CO,United States,customer,Attempted to Contact,5/26/2024
Samuel,Lee,slee@business.net,(913) 742-9986,Vantage Point Law,Regional Sales Manager,Logistics,Tucson,AZ,United States,opportunity,Open,3/26/2025
Rebecca,Nguyen,rebecca.nguyen@company.com,(548) 647-3957,Granite Peak Construction,Marketing Manager,Insurance,Columbus,OH,United States,opportunity,In Progress,5/3/2025
David,Wright,dwright@gmail.com,(603) 399-9035,Amber Grove Retail,COO,Hospitality,Omaha,NE,United States,opportunity,New,6/13/2026
Edward,Lopez,edward.lopez@company.com,(430) 507-3365,Driftwood Hospitality,Regional Sales Manager,Biotechnology,Providence,RI,United States,subscriber,Attempted to Contact,7/18/2025
Sharon,Nelson,sharonnelson@business.net,(879) 892-7305,,,Biotechnology,Kansas City,MO,United States,opportunity,New,11/13/2024
Steven,Jones,steven.jones@business.net,(253) 540-4847,Orchard Lane Foods,Business Development Rep,Hospitality,Raleigh,NC,United States,customer,Bad Timing,12/24/2026
Pamela,Adams,pamela.adams@business.net,(397) 833-9877,Crestline Energy,Sales Director,Hospitality,Raleigh,NC,United States,opportunity,Open,9/1/2025
Deborah,Young,deborahyoung@company.com,(960) 582-7292,Orchard Lane Foods,IT Manager,Legal Services,Albuquerque,NM,United States,opportunity,New,1/4/2025
Katherine,Hernandez,khernandez2@business.net,(553) 255-5331,Coppervale Manufacturing,Account Executive,Retail,Sacramento,CA,United States,lead,Unqualified,8/10/2025
Debra,Jones,debrajones@company.com,(980) 766-2986,Steadfast Insurance,Operations Manager,Media,Sacramento,CA,United States,subscriber,Attempted to Contact,7/15/2025
Sandra,Wilson,sandrawilson@business.net,(761) 694-3315,Quarry Hill Ventures,Marketing Manager,Real Estate,Providence,RI,United States,opportunity,Connected,1/9/2026
Kenneth,Nelson,kenneth.nelson@yahoo.com,(903) 685-2099,Silverline Logistics,Operations Manager,Manufacturing,Tampa,FL,United States,salesqualifiedlead,New,12/12/2026
Jeffrey,Lewis,jeffreylewis@business.net,(953) 373-2389,Cascade Software,Marketing Coordinator,Legal Services,Sacramento,CA,United States,customer,Attempted to Contact,2/27/2025
Stephen,Mitcehll,smitchell@outlook.com,(658) 606-1003,Aster Marketing,Sales Director,Logistics,Tampa,FL,United States,opportunity,New,5/20/2026
Amy,Moore,amymoore@outlook.com,489-302-4180,Cascade Software,HR Manager,Technology,Charleston,SC,United States,lead,In Progress,6/6/2025
James,Harris,jamesharris@business.net,(697) 684-6521,Fieldstone Education,Executive Assistant,Technology,Des Moines,IA,United States,marketingqualifiedlead,Connected,6/27/2025
Eric,Wrigth,ewright@company.com,(596) 728-1807,Cobalt Digital,IT Manager,Construction,Albuquerque,NM,United States,salesqualifiedlead,In Progress,11/9/2024
Stephanie,Smith,stephaniesmith@company.com,(286) 942-4977,Crestline Energy,Marketing Coordinator,Financial Services,Salt Lake City,UT,United States,customer,Unqualified,3/9/2024
Scott,Mitchell,scottmitchell@business.net,(262) 844-8752,Crestline Energy,Customer Success Manager,Hospitality,Salt Lake City,UT,United States,subscriber,Connected,12/20/2025
KIMBERLY,WRIGHT,kwright@company.com,(242) 201-8612,Elmshade Legal,COO,Logistics,Boise,ID,United States,customer,Open,10/6/2025
Debra,Wright,dwright@company.com,(334) 295-8672,Ferncrest Media,Regional Sales Manager,Logistics,Denver,CO,United States,customer,Connected,8/16/2026
Linda,Ramirez,linda.ramirez@company.com,(656) 279-7050,Willowbrook Nonprofit,Marketing Coordinator,Real Estate,Portland,OR,United States,opportunity,Attempted to Contact,7/28/2026
Justin,Nelson,jnelson@business.net,(871) 915-7421,Brightpath Consulting,COO,Nonprofit,Portland,OR,United States,subscriber,In Progress,6/22/2024
Laura,Hernandez,lhernandez@company.com,(649) 449-1666,Brightpath Consulting,Account Executive,Media,Milwaukee,WI,United States,customer,Attempted to Contact,2/22/2025
Dorothy,Campbell,dorothycampbell@business.net,(471) 871-4728,Aster Marketing,Sales Director,Hospitality,Austin,TX,United States,salesqualifiedlead,Open,11/24/2026
Andrew,Lopez,alopez@gmail.com,,,,Retail,Kansas City,MO,United States,lead,Bad Timing,4/26/2024
Cynthia,Green,cynthiagreen@outlook.com,(694) 629-9581,Hollowridge Transport,Marketing Coordinator,Media,Raleigh,NC,United States,subscriber,Open,4/28/2024
Patricia,Harris,pharris@outlook.com,(257) 404-5374,Coppervale Manufacturing,Customer Success Manager,Logistics,Portland,OR,United States,customer,In Progress,3/25/2026
Sarah,Rodriguez,srodriguez@business.net,(966) 724-5897,Elmshade Legal,Operations Director,Insurance,Boise,ID,United States,marketingqualifiedlead,Connected,9/21/2026
Christine,Adams,christineadams@outlook.com,(563) 532-9363,Orchard Lane Foods,Regional Sales Manager,Biotechnology,Providence,RI,United States,subscriber,Unqualified,5/15/2026
Debra,Gonzalez,debra.gonzalez@gmail.com,(649) 831-9027,Quarry Hill Ventures,Office Manager,Insurance,Sacramento,CA,United States,salesqualifiedlead,Open,7/25/2025
Deborah,Thomas,deborahthomas@gmail.com,(631) 228-1238,,,Legal Services,Sacramento,CA,United States,customer,New,3/2/2024
Jeffrey,Clark,jeffrey.clark@company.com,(548) 821-3353,Amber Grove Retail,Office Manager,Nonprofit,Tucson,AZ,United States,marketingqualifiedlead,Unqualified,6/17/2024
Michael,Thomas,michael.thomas@business.net,(214) 551-2823,Cascade Software,Regional Sales Manager,Construction,Des Moines,IA,United States,subscriber,In Progress,7/7/2025
Charles,Allen,callen@company.com,(341) 788-7286,Granite Peak Construction,Customer Success Manager,Construction,Albuquerque,NM,United States,customer,Attempted to Contact,11/6/2026
Emma,Moore,emma.moore@company.com,(954) 404-4847,Aster Marketing,HR Manager,Insurance,Nashville,TN,United States,marketingqualifiedlead,Open,1/16/2025
James,Mitchell,james.mitchell@business.net,(246) 633-6644,Quarry Hill Ventures,Operations Manager,Education,Sacramento,CA,United States,subscriber,New,1/10/2025
Michael,Davis,mdavis@yahoo.com,(644) 352-7619,Harborview Financial,Sales Director,Manufacturing,Louisville,KY,United States,lead,Unqualified,5/23/2025
Brandon,Baker,brandon.baker@business.net,(656) 363-3935,Crestline Energy,CEO,Legal Services,Nashville,TN,United States,lead,Connected,8/12/2026
Charles,Wilson,charles.wilson@gmail.com,(806) 762-4348,Harborview Financial,Marketing Coordinator,Manufacturing,Portland,OR,United States,salesqualifiedlead,Connected,5/6/2025
Thomas,Scott,tscott@business.net,(775) 537-3002,Granite Peak Construction,Business Development Rep,Insurance,Columbus,OH,United States,customer,Bad Timing,12/2/2025
Kevin,Mitchell,kevinmitchell@outlook.com,(527) 371-2453,Elmshade Legal,Office Manager,Construction,Denver,CO,United States,subscriber,In Progress,4/23/2024
Jeffrey,Hernandez,jhernandez2@yahoo.com,(644) 205-6885,Greystone Capital,Finance Director,Manufacturing,Portland,OR,United States,lead,In Progress,3/13/2024
Kenneth,Young,kennethyoung@yahoo.com,(387) 982-9374,Redstone Realty,Purchasing Manager,Healthcare,Charleston,SC,United States,opportunity,Open,9/26/2024
Susan,Jackson,sjackson@outlook.com,(648) 944-1134,Harborview Financial,Operations Manager,Financial Services,Tampa,FL,United States,subscriber,Unqualified,6/14/2024
Rachel,Rodriguez,rachel.rodriguez@outlook.com,(968) 392-3701,Hollowridge Transport,Purchasing Manager,Retail,Richmond,VA,United States,lead,Open,10/27/2024
Pamela,Wright,pamela.wright@company.com,(731) 798-9830,Quarry Hill Ventures,Account Executive,Media,Louisville,KY,United States,lead,Connected,3/28/2024
Katherine,Lee,klee@yahoo.com,(691) 796-7839,Willowbrook Nonprofit,Operations Director,Logistics,Raleigh,NC,United States,salesqualifiedlead,Bad Timing,9/4/2024
Richard,Jones,richardjones@business.net,(870) 495-8060,Ironwood Manufacturing,Customer Success Manager,Technology,Boise,ID,United States,lead,Connected,4/16/2024
Kevin,Torres,kevin.torres@business.net,(435) 416-8790,Redstone Realty,Sales Director,Biotechnology,Raleigh,NC,United States,subscriber,Connected,9/19/2025
Christine,Smith,christine.smith@yahoo.com,(894) 351-7169,Granite Peak Construction,Customer Success Manager,Biotechnology,Milwaukee,WI,United States,subscriber,New,5/12/2025
Cynthia,Thompson,cynthiathompson@yahoo.com,(397) 234-1388,Fieldstone Education,Operations Manager,Retail,Kansas City,MO,United States,opportunity,Connected,10/21/2024
Carol,Nguyen,carol.nguyen@business.net,(342) 357-6410,Crestline Energy,COO,Biotechnology,Austin,TX,United States,opportunity,Attempted to Contact,7/7/2025
Sharon,Adams,sharon.adams@yahoo.com,,,,Healthcare,Nashville,TN,United States,salesqualifiedlead,Connected,1/26/2024
Sandra,Gonzalez,sgonzalez@business.net,(497) 903-6657,Hollowridge Transport,VP of Sales,Nonprofit,Sacramento,CA,United States,customer,Open,9/23/2026
Daniel,Williams,dwilliams@outlook.com,(736) 735-3600,Steadfast Insurance,Business Development Rep,Biotechnology,Kansas City,MO,United States,marketingqualifiedlead,Unqualified,6/23/2025
Carol,Martinez,cmartinez@business.net,(335) 410-1598,Vantage Point Law,Purchasing Manager,Nonprofit,Raleigh,NC,United States,opportunity,New,5/2/2024
Richard,Sanchez,rsanchez2@yahoo.com,(574) 973-3363,Cobalt Digital,COO,Education,Milwaukee,WI,United States,salesqualifiedlead,Attempted to Contact,1/2/2024
Steven,Carter,steven.carter@gmail.com,(718) 505-6956,Marlowe & Co.,Customer Success Manager,Real Estate,Columbus,OH,United States,customer,New,5/2/2024
Anna,White,awhite@yahoo.com,(485) 455-2858,Northwind Traders,Customer Success Manager,Construction,Albuquerque,NM,United States,opportunity,Unqualified,2/9/2026
Emily,Wright,emilywright@company.com,(888) 966-5295,Crestline Energy,Purchasing Manager,Insurance,Raleigh,NC,United States,customer,In Progress,11/8/2024
Jeffrey,Mitchell,jeffreymitchell@company.com,(367) 945-7944,Aster Marketing,Executive Assistant,Financial Services,Boise,ID,United States,opportunity,Attempted to Contact,3/7/2024
Frank,White,frankwhite@business.net,864-595-4787,Lumen Health Partners,Marketing Coordinator,Nonprofit,Raleigh,NC,United States,subscriber,In Progress,12/7/2024
Michael,Green,michaelgreen@gmail.com,(906) 515-8274,Beacon Analytics,COO,Retail,Louisville,KY,United States,subscriber,Bad Timing,4/8/2025
Debra,Clark,debraclark@yahoo.com,(761) 200-5978,Cascade Software,Finance Director,Real Estate,Charleston,SC,United States,opportunity,Attempted to Contact,6/15/2026
John,Robinson,john.robinson@outlook.com,(471) 575-5093,Harborview Financial,Product Manager,Media,Milwaukee,WI,United States,marketingqualifiedlead,New,7/19/2026
Jeffrey,Flores,jeffrey.flores@company.com,(746) 444-6070,Driftwood Hospitality,Controller,Biotechnology,Salt Lake City,UT,United States,lead,In Progress,10/15/2026
Joseph,King,josephking@company.com,(921) 495-1665,Silverline Logistics,Office Manager,Construction,Portland,OR,United States,subscriber,Unqualified,8/20/2025
Helen,Green,helen.green@gmail.com,(232) 523-7572,Redstone Realty,Operations Manager,Healthcare,Richmond,VA,United States,opportunity,Connected,4/21/2025
Dorothy,Young,dyoung@company.com,(232) 538-2314,Elmshade Legal,VP of Sales,Retail,Milwaukee,WI,United States,marketingqualifiedlead,Bad Timing,2/18/2025
Joshua,Johnson,joshua.johnson@outlook.com,(910) 345-4712,Cascade Software,VP of Sales,Healthcare,Raleigh,NC,United States,lead,New,12/25/2025
Gregory,Adams,gregoryadams@yahoo.com,(616) 480-2994,Willowbrook Nonprofit,Marketing Coordinator,Construction,Columbus,OH,United States,salesqualifiedlead,In Progress,1/24/2026
Carol,Brown,cbrown@outlook.com,(921) 345-2817,Foxglove Biotech,Marketing Coordinator,Insurance,Austin,TX,United States,marketingqualifiedlead,New,12/22/2025
Matthew,Clark,matthewclark@company.com,(455) 367-7385,Elmshade Legal,Purchasing Manager,Healthcare,Providence,RI,United States,marketingqualifiedlead,New,11/8/2025
Joseph,Hill,jhill@business.net,(354) 874-8317,Steadfast Insurance,Customer Success Manager,Logistics,Nashville,TN,United States,customer,Open,3/26/2025
Charles,Rivera,charlesrivera@yahoo.com,(581) 212-5663,Steadfast Insurance,Business Development Rep,Logistics,Boise,ID,United States,salesqualifiedlead,Bad Timing,2/7/2026
Jeffrey,Martin,jeffreymartin@outlook.com,,,,Media,Charleston,SC,United States,lead,Connected,3/24/2026
Samantha,Perez,samanthaperez@outlook.com,(642) 618-7021,Driftwood Hospitality,Controller,Technology,Boise,ID,United States,marketingqualifiedlead,Unqualified,5/23/2026
Jennifer,Perez,jperez@business.net,(417) 211-4296,Quarry Hill Ventures,IT Manager,Logistics,Milwaukee,WI,United States,subscriber,In Progress,9/18/2025
James,Martin,jmartin2@business.net,(394) 597-7941,,,Media,Columbus,OH,United States,customer,Bad Timing,3/17/2024
Maggie,Jackson,mjackson@outlook.com,(837) 448-8600,Steadfast Insurance,CEO,Construction,Charleston,SC,United States,lead,Connected,11/19/2024
Brenda,Garcia,brenda.garcia@gmail.com,(630) 598-1320,Foxglove Biotech,CEO,Real Estate,Boise,ID,United States,salesqualifiedlead,New,5/25/2025
Karen,Lewis,karenlewis@company.com,(846) 510-5500,Crestline Energy,Sales Director,Technology,Denver,CO,United States,opportunity,New,8/15/2025
Daniel,Williams,danielwilliams@company.com,(736) 735-3600,Steadfast Insurance,Business Development Rep,Biotechnology,Kansas City,MO,United States,marketingqualifiedlead,Unqualified,6/22/2025
Stephen,Martinez,stephen.martinez@yahoo.com,(203) 541-3143,Meridian Data Systems,Product Manager,Financial Services,Boise,ID,United States,customer,Unqualified,12/14/2026
Rebecca,Green,rgreen@outlook.com,(873) 642-7481,Northwind Traders,COO,Biotechnology,Nashville,TN,United States,lead,Unqualified,7/13/2026
Matthew,Lopez,matthewlopez@company.com,(727) 535-2421,Lumen Health Partners,Account Executive,Financial Services,Des Moines,IA,United States,lead,Unqualified,4/1/2025
Ronald,Sanchez,rsanchez@business.net,(489) 489-4196,Quarry Hill Ventures,Operations Director,Real Estate,Denver,CO,United States,subscriber,Open,10/28/2025
Emma,Wright,emmawright@outlook.com,(732) 652-2904,Willowbrook Nonprofit,Finance Director,Nonprofit,Portland,OR,United States,opportunity,Unqualified,9/15/2024
Jeffrey,Rodriguez,jeffrey.rodriguez2@yahoo.com,(374) 218-2646,Ironwood Manufacturing,IT Manager,Manufacturing,Tucson,AZ,United States,opportunity,Connected,3/3/2025
Raymond,Baker,raymondbaker@yahoo.com,(877) 303-9524,Redstone Realty,COO,Hospitality,Austin,TX,United States,customer,Open,2/17/2025
Timothy,Davis,tdavis@yahoo.com,(496) 241-9565,Brightpath Consulting,Account Executive,Technology,Raleigh,NC,United States,marketingqualifiedlead,In Progress,5/16/2025
Timothy,Johnson,timothy.johnson@outlook.com,(787) 806-3639,,,Retail,Kansas City,MO,United States,opportunity,Open,1/25/2024
David,Thomas,dthomas@company.com,(976) 446-8800,Meridian Data Systems,Controller,Construction,Boise,ID,United States,subscriber,New,4/13/2025
Joshua,Hall,jhall@yahoo.com,(752) 705-8172,Silverline Logistics,COO,Retail,Albuquerque,NM,United States,salesqualifiedlead,Connected,10/9/2025
Thomas,Martin,tmartin@company.com,(867) 972-6861,Cascade Software,CEO,Biotechnology,Charleston,SC,United States,opportunity,Bad Timing,3/16/2024
Samuel,Flores,sflores@business.net,(893) 862-7547,Coppervale Manufacturing,Office Manager,Media,Columbus,OH,United States,salesqualifiedlead,New,2/9/2024
Rebecca,Anderson,randerson@gmail.com,(792) 297-6518,Redstone Realty,Operations Manager,Hospitality,Des Moines,IA,United States,opportunity,Unqualified,4/12/2025
Amy,Jackson,amy.jackson@outlook.com,(955) 846-7449,Cobalt Digital,IT Manager,Biotechnology,Tampa,FL,United States,customer,Attempted to Contact,8/20/2024
Deborah,Taylor,deborah.taylor@yahoo.com,(248) 974-3043,Vantage Point Law,IT Manager,Hospitality,Louisville,KY,United States,customer,New,6/8/2025
Elizabeth,Williams,ewilliams@gmail.com,(635) 622-2548,Vantage Point Law,CEO,Insurance,Louisville,KY,United States,marketingqualifiedlead,In Progress,10/3/2025
Amy,Wilson,amy.wilson@yahoo.com,(416) 394-2922,Aster Marketing,Controller,Biotechnology,Richmond,VA,United States,lead,Connected,12/7/2026
Brandon,Perez,brandonperez@outlook.com,(634) 415-7866,Quarry Hill Ventures,Business Development Rep,Technology,Milwaukee,WI,United States,salesqualifiedlead,In Progress,3/19/2025
Samantha,King,sking@outlook.com,(606) 280-7112,Lumen Health Partners,Regional Sales Manager,Hospitality,Tampa,FL,United States,lead,Connected,12/13/2026
Jonathan,Wilson,jonathan.wilson@yahoo.com,(557) 270-5002,Steadfast Insurance,IT Manager,Financial Services,Louisville,KY,United States,salesqualifiedlead,Bad Timing,12/10/2026
Ashley,Taylor,ashley.taylor@yahoo.com,(501) 713-9401,Marlowe & Co.,Operations Manager,Media,Denver,CO,United States,marketingqualifiedlead,Open,2/3/2024
Karen,Scott,karen.scott@gmail.com,(352) 255-4766,Ironwood Manufacturing,Sales Director,Construction,Omaha,NE,United States,marketingqualifiedlead,Open,8/14/2026
Paul,Hill,paulhill@company.com,(847) 417-9361,Cascade Software,Sales Director,Financial Services,Tampa,FL,United States,customer,Attempted to Contact,2/10/2026
Frank,Davis,fdavis@company.com,(365) 302-4513,Pinnacle Logistics Group,Purchasing Manager,Media,Kansas City,MO,United States,marketingqualifiedlead,Bad Timing,10/23/2026
Jennifer,Hall,jhall2@yahoo.com,(308) 496-5937,Fieldstone Education,Operations Manager,Logistics,Denver,CO,United States,salesqualifiedlead,Unqualified,11/1/2025
Stephanie,Lewis,stephanielewis@company.com,(217) 598-2938,Marlowe & Co.,Marketing Manager,Legal Services,Albuquerque,NM,United States,customer,Attempted to Contact,12/19/2024
Christopher,Miller,cmiller@outlook.com,(426) 392-9612,Foxglove Biotech,Operations Director,Nonprofit,Sacramento,CA,United States,opportunity,Connected,7/15/2024
Brenda,Ramirez,brenda.ramirez@gmail.com,,,,Healthcare,Providence,RI,United States,customer,Bad Timing,9/27/2025
Stephanie,Allen,stephanie.allen@yahoo.com,(266) 246-5885,Cascade Software,Regional Sales Manager,Nonprofit,Charleston,SC,United States,opportunity,Attempted to Contact,6/14/2026
Linda,Anderson,linda.anderson@outlook.com,(739) 689-1011,Amber Grove Retail,COO,Healthcare,Des Moines,IA,United States,lead,In Progress,3/26/2026
TIMOTHY,BROWN,timothybrown@company.com,(335) 455-3396,Quarry Hill Ventures,Office Manager,Insurance,Tampa,FL,United States,lead,Bad Timing,10/11/2026
Amanda,Carter,amandacarter@gmail.com,(860) 357-9787,Driftwood Hospitality,Account Executive,Financial Services,Columbus,OH,United States,salesqualifiedlead,Open,9/26/2025
Anna,Clark,annaclark@outlook.com,(623) 619-8516,Foxglove Biotech,Marketing Coordinator,Media,Kansas City,MO,United States,customer,In Progress,8/5/2024
Emily,White,ewhite@business.net,(463) 552-1324,Granite Peak Construction,Account Executive,Technology,Milwaukee,WI,United States,customer,Attempted to Contact,10/19/2024
Katherine,Allen,katherineallen@yahoo.com,(445) 259-4946,Greystone Capital,CEO,Manufacturing,Raleigh,NC,United States,subscriber,Connected,2/25/2025
Kenneth,Young,kenneth.young@business.net,(387) 982-9374,Redstone Realty,Purchasing Manager,Healthcare,Charleston,SC,United States,opportunity,Open,6/12/2024
Edward,Hill,edwardhill@business.net,(766) 211-2876,Willowbrook Nonprofit,Operations Director,Media,Omaha,NE,United States,marketingqualifiedlead,Bad Timing,6/4/2026
Shirley,Green,sgreen@business.net,(398) 557-6752,Aster Marketing,VP of Sales,Healthcare,Raleigh,NC,United States,subscriber,Open,4/6/2025
Brandon,Martin,brandon.martin@company.com,(708) 850-2234,Elmshade Legal,Operations Director,Healthcare,Milwaukee,WI,United States,marketingqualifiedlead,In Progress,5/19/2024
Benjamin,Perez,benjamin.perez@outlook.com,(684) 444-6583,Elmshade Legal,Sales Director,Insurance,Tampa,FL,United States,marketingqualifiedlead,Attempted to Contact,2/25/2024
Matthew,Torres,matthewtorres@business.net,(563) 631-8887,Aster Marketing,COO,Construction,Portland,OR,United States,lead,Open,1/2/2024
John,Wright,jwright@company.com,(936) 957-3064,Pinnacle Logistics Group,Operations Director,Logistics,Richmond,VA,United States,lead,New,9/10/2026
Brandon,Baker,brandon.baker@outlook.com,(302) 343-3017,Crestline Energy,Purchasing Manager,Technology,Omaha,NE,United States,salesqualifiedlead,In Progress,4/9/2024
Nicholas,Martinez,nicholasmartinez@gmail.com,(307) 502-7815,Hollowridge Transport,Operations Manager,Manufacturing,Milwaukee,WI,United States,customer,Open,5/11/2025
Patricia,Rodriguez,patriciarodriguez@outlook.com,(802) 531-1258,Ironwood Manufacturing,Product Manager,Retail,Austin,TX,United States,lead,Connected,2/9/2024
James,King,jamesking@business.net,(799) 694-9328,Coppervale Manufacturing,Customer Success Manager,Nonprofit,Columbus,OH,United States,opportunity,Open,3/4/2026
Susan,Thomas,susanthomas@business.net,(736) 280-7484,Foxglove Biotech,IT Manager,Nonprofit,Boise,ID,United States,marketingqualifiedlead,Open,3/3/2025
Susan,Wilson,susanwilson@outlook.com,(703) 261-3332,Quarry Hill Ventures,Product Manager,Manufacturing,Louisville,KY,United States,subscriber,Open,7/23/2026
Jonathan,Moore,jonathan.moore@yahoo.com,,,,Logistics,Des Moines,IA,United States,opportunity,Connected,6/20/2025
Paul,Moore,paul.moore@company.com,(798) 600-8554,Coppervale Manufacturing,HR Manager,Nonprofit,Raleigh,NC,United States,customer,Attempted to Contact,11/3/2025
Deborah,Hernandez,dhernandez@business.net,(935) 317-3683,Cascade Software,Account Executive,Hospitality,Des Moines,IA,United States,subscriber,In Progress,11/13/2026
Anna,White,awhite2@yahoo.com,(485) 455-2858,Northwind Traders,Customer Success Manager,Construction,Albuquerque,NM,United States,opportunity,Unqualified,10/16/2026
William,Anderson,william.anderson@company.com,(311) 216-4315,Pinnacle Logistics Group,Marketing Coordinator,Legal Services,Albuquerque,NM,United States,salesqualifiedlead,Bad Timing,10/4/2024
Jacob,Mitchell,jmitchell@business.net,(899) 922-7390,Orchard Lane Foods,Product Manager,Financial Services,Providence,RI,United States,opportunity,Bad Timing,10/26/2024
GREGORY,HALL,gregoryhall@yahoo.com,(289) 282-7400,Greystone Capital,Customer Success Manager,Logistics,Denver,CO,United States,subscriber,New,2/3/2024
Michelle,Wilson,michellewilson@outlook.com,(663) 304-4675,Aster Marketing,Operations Director,Real Estate,Providence,RI,United States,lead,Attempted to Contact,11/7/2024
Samuel,Garcia,sgarcia@business.net,(814) 938-5668,Coppervale Manufacturing,Marketing Manager,Insurance,Kansas City,MO,United States,customer,In Progress,9/20/2024
REBECCA,GREEN,rebecca.green@gmail.com,(873) 642-7481,Northwind Traders,COO,Biotechnology,Nashville,TN,United States,lead,Unqualified,2/11/2024
Larry,Hernandez,lhernandez@gmail.com,(532) 846-7366,Willowbrook Nonprofit,VP of Sales,Technology,Tampa,FL,United States,lead,Connected,6/28/2026
BENJAMIN,ANDERSON,banderson@company.com,(468) 918-3764,Beacon Analytics,Purchasing Manager,Hospitality,Denver,CO,United States,salesqualifiedlead,Attempted to Contact,6/6/2026
Thomas,Brown,thomasbrown@gmail.com,(825) 841-8075,Silverline Logistics,Account Executive,Legal Services,Omaha,NE,United States,subscriber,Attempted to Contact,5/28/2024
JACOB,CARTER,jacobcarter@business.net,(357) 244-3094,Cobalt Digital,Executive Assistant,Education,Sacramento,CA,United States,customer,In Progress,10/21/2024
Rachel,Rivera,rachelrivera@outlook.com,(851) 205-2492,Elmshade Legal,VP of Sales,Construction,Columbus,OH,United States,opportunity,Unqualified,2/9/2024
Kevin,White,kevinwhite@business.net,(674) 320-8709,Beacon Analytics,CEO,Hospitality,Tampa,FL,United States,opportunity,New,4/17/2025
Kevin,Lewis,klewis@company.com,(808) 339-5922,Amber Grove Retail,COO,Nonprofit,Richmond,VA,United States,lead,Unqualified,3/13/2025
Scott,Miller,scottmiller@company.com,(706) 860-2007,Silverline Logistics,Finance Director,Insurance,Des Moines,IA,United States,lead,Attempted to Contact,1/25/2026
Shirley,Davis,shirley.davis@business.net,(460) 245-8144,Northwind Traders,Marketing Coordinator,Biotechnology,Albuquerque,NM,United States,opportunity,Connected,12/24/2026
Thomas,Jackson,thomas.jackson@company.com,(910) 394-7512,Orchard Lane Foods,Operations Director,Insurance,Columbus,OH,United States,opportunity,New,6/6/2025
Richard,Miller,richardmiller@yahoo.com,(620) 678-1887,Willowbrook Nonprofit,Account Executive,Retail,Boise,ID,United States,salesqualifiedlead,Connected,2/8/2025
Jennifer,Allen,jallen@company.com,(429) 863-3540,Hollowridge Transport,Controller,Education,Richmond,VA,United States,customer,Connected,2/10/2026
Mary,Baker,mbaker2@company.com,(303) 533-6924,Fieldstone Education,Product Manager,Financial Services,Sacramento,CA,United States,opportunity,In Progress,5/16/2024
Debra,Cartre,debra.carter2@outlook.com,(651) 566-3915,Cobalt Digital,Sales Director,Biotechnology,Austin,TX,United States,customer,Attempted to Contact,4/24/2024
Justin,Nguyen,justin.nguyen@business.net,(237) 764-5269,Marlowe & Co.,Operations Director,Construction,Albuquerque,NM,United States,customer,Bad Timing,6/13/2024
Brandon,Martni,brandon.martin2@company.com,(307) 665-1691,Orchard Lane Foods,HR Manager,Biotechnology,Boise,ID,United States,subscriber,Connected,6/21/2024
William,Carter,william.carter@business.net,(499) 682-3204,Ferncrest Media,Product Manager,Technology,Boise,ID,United States,opportunity,Unqualified,4/23/2026
John,Allen,jallen@business.net,(893) 835-3415,Ferncrest Media,Regional Sales Manager,Financial Services,Charleston,SC,United States,lead,Open,3/2/2024
Shirley,Gonzalez,sgonzalez@gmail.com,(970) 371-9908,Amber Grove Retail,Office Manager,Insurance,Nashville,TN,United States,customer,Bad Timing,5/22/2025
Frank,Taylor,franktaylor@company.com,(583) 506-6971,Granite Peak Construction,Customer Success Manager,Education,Kansas City,MO,United States,marketingqualifiedlead,New,11/27/2025
Shirley,Davis,shirleydavis@yahoo.com,(271) 880-6409,Fieldstone Education,Office Manager,Legal Services,Sacramento,CA,United States,subscriber,Connected,9/10/2025
Deborah,Rodriguez,deborah.rodriguez@gmail.com,(543) 639-5456,Pinnacle Logistics Group,Operations Manager,Logistics,Tampa,FL,United States,customer,Attempted to Contact,2/16/2026
Emily,Anderson,emilyanderson@yahoo.com,(988) 248-3430,Steadfast Insurance,IT Manager,Construction,Tucson,AZ,United States,lead,Attempted to Contact,12/18/2024
Benjamin,Anderson,benjamin.anderson@company.com,(468) 918-3764,Beacon Analytics,Purchasing Manager,Hospitality,Denver,CO,United States,salesqualifiedlead,Attempted to Contact,3/3/2025
Patricia,Harris,pharris@gmail.com,(257) 404-5374,Coppervale Manufacturing,Customer Success Manager,Logistics,Portland,OR,United States,customer,In Progress,1/23/2024
Kimberly,Baker,kimberlybaker@business.net,(733) 529-4007,Vantage Point Law,Marketing Manager,Manufacturing,Kansas City,MO,United States,salesqualifiedlead,New,1/21/2024
Joseph,Miller,josephmiller@outlook.com,(347) 387-5187,Coppervale Manufacturing,Operations Manager,Financial Services,Providence,RI,United States,marketingqualifiedlead,Unqualified,3/2/2026
Raymond,Thomas,raymondthomas@business.net,(684) 766-9698,Steadfast Insurance,Executive Assistant,Nonprofit,Salt Lake City,UT,United States,opportunity,In Progress,12/15/2025
Karen,Williams,kwilliams@yahoo.com,(252) 840-5934,Orchard Lane Foods,CEO,Education,Portland,OR,United States,marketingqualifiedlead,New,6/17/2026
James,Clark,james.clark@business.net,(554) 851-1157,Amber Grove Retail,Marketing Manager,Media,Austin,TX,United States,customer,Unqualified,10/26/2024
Gary,Hall,garyhall@yahoo.com,,,,Nonprofit,Kansas City,MO,United States,marketingqualifiedlead,Attempted to Contact,10/22/2025
MARY,HALL,maryhall@gmail.com,(209) 984-8052,Driftwood Hospitality,IT Manager,Hospitality,Tucson,AZ,United States,lead,Bad Timing,2/20/2025
Shirley,Lewis,shirleylewis@gmail.com,(867) 397-6248,Pinnacle Logistics Group,Operations Manager,Manufacturing,Tucson,AZ,United States,lead,Bad Timing,9/1/2026
Karen,Thomas,karenthomas@gmail.com,(239) 681-4644,Cobalt Digital,Regional Sales Manager,Technology,Nashville,TN,United States,marketingqualifiedlead,Bad Timing,4/1/2024
Kathleen,Ramirez,kathleenramirez@company.com,(352) 330-5921,Elmshade Legal,HR Manager,Education,Denver,CO,United States,salesqualifiedlead,In Progress,1/18/2026
Brenda,Johnson,brendajohnson@yahoo.com,(757) 696-6636,Hollowridge Transport,CEO,Education,Albuquerque,NM,United States,marketingqualifiedlead,Unqualified,3/1/2025
Jacob,Davis,jacobdavis@company.com,(374) 489-6711,Fieldstone Education,CEO,Financial Services,Milwaukee,WI,United States,opportunity,New,12/26/2025
Nicholas,Scott,nicholasscott@gmail.com,(959) 243-8147,Northwind Traders,Regional Sales Manager,Biotechnology,Milwaukee,WI,United States,subscriber,Bad Timing,10/14/2025
Angela,Lee,angela.lee@company.com,(563) 464-6576,Redstone Realty,COO,Nonprofit,Nashville,TN,United States,marketingqualifiedlead,Attempted to Contact,9/7/2024
Carol,Davis,cdavis@company.com,529-418-1746,Crestline Energy,Customer Success Manager,Technology,Charleston,SC,United States,subscriber,New,5/22/2025
Michael,Miller,michaelmiller@gmail.com,(568) 893-6123,Granite Peak Construction,Account Executive,Manufacturing,Nashville,TN,United States,subscriber,New,11/21/2024
Matthew,Jackson,matthew.jackson@business.net,(942) 301-4506,Hollowridge Transport,Marketing Coordinator,Insurance,Nashville,TN,United States,customer,Unqualified,12/19/2025
Mary,White,marywhite@outlook.com,(782) 630-6986,Marlowe & Co.,Customer Success Manager,Media,Richmond,VA,United States,salesqualifiedlead,Bad Timing,1/19/2024
Mary,Scott,mary.scott@gmail.com,(316) 672-2924,Meridian Data Systems,VP of Sales,Construction,Boise,ID,United States,customer,In Progress,12/9/2026
Richard,Anderson,randerson@yahoo.com,(653) 528-5414,Aster Marketing,Executive Assistant,Hospitality,Portland,OR,United States,customer,New,8/7/2024
Sarah,Rivera,srivera@company.com,(667) 352-9446,Brightpath Consulting,Office Manager,Biotechnology,Richmond,VA,United States,opportunity,In Progress,7/20/2024
Stephanie,Walker,swalker@business.net,(633) 292-7922,Driftwood Hospitality,Business Development Rep,Hospitality,Tampa,FL,United States,lead,Unqualified,7/3/2026
Brian,Jones,brianjones@company.com,(786) 517-8411,Greystone Capital,Office Manager,Media,Columbus,OH,United States,salesqualifiedlead,Unqualified,10/5/2026
Sarah,Adams,sarah.adams@company.com,,,,Nonprofit,Portland,OR,United States,lead,Connected,7/28/2024
Chris,Johnson,cjohnson@company.com,(840) 509-4869,Pinnacle Logistics Group,Product Manager,Media,Milwaukee,WI,United States,subscriber,Connected,9/4/2026
Cynthia,Thompson,cthompson@gmail.com,397.234.1388,Fieldstone Education,Operations Manager,Retail,Kansas City,MO,United States,opportunity,Connected,7/8/2026
Stephanie,Scott,stephaniescott@company.com,(901) 703-7809,Quarry Hill Ventures,Regional Sales Manager,Construction,Louisville,KY,United States,lead,New,1/26/2026
Sandra,Brown,sandra.brown@gmail.com,(270) 809-2113,Willowbrook Nonprofit,HR Manager,Real Estate,Louisville,KY,United States,subscriber,Attempted to Contact,10/20/2024
Michelle,Wilson,michellewilson@gmail.com,(663) 304-4675,Aster Marketing,Operations Director,Real Estate,Providence,RI,United States,lead,Attempted to Contact,5/23/2026
Patricia,Thomas,pthomas@gmail.com,(356) 444-3068,Orchard Lane Foods,Account Executive,Hospitality,Sacramento,CA,United States,lead,Unqualified,5/25/2026
Charles,Torres,charlestorres@company.com,(662) 277-2525,Lumen Health Partners,Marketing Coordinator,Nonprofit,Tampa,FL,United States,marketingqualifiedlead,Connected,8/16/2025
Sarah,Williams,swilliams@outlook.com,(318) 299-4846,Greystone Capital,Operations Director,Financial Services,Columbus,OH,United States,salesqualifiedlead,Unqualified,3/8/2024
Emma,Adams,eadams@yahoo.com,(687) 713-3471,Beacon Analytics,Regional Sales Manager,Manufacturing,Sacramento,CA,United States,marketingqualifiedlead,Connected,9/21/2024
Carolyn,Davis,carolyndavis@outlook.com,(662) 433-7779,Amber Grove Retail,Regional Sales Manager,Real Estate,Providence,RI,United States,salesqualifiedlead,Connected,6/14/2024
Jacob,Rodriguez,jacob.rodriguez@business.net,(896) 543-2463,Harborview Financial,Business Development Rep,Healthcare,Tampa,FL,United States,customer,Bad Timing,7/26/2025
Michael,Ramirez,mramirez@outlook.com,(665) 382-7346,Steadfast Insurance,VP of Sales,Construction,Portland,OR,United States,customer,Open,6/9/2026
Michael,Lopez,michael.lopez@gmail.com,(876) 962-6269,Cobalt Digital,IT Manager,Construction,Columbus,OH,United States,marketingqualifiedlead,Attempted to Contact,7/6/2024
Timothy,Williams,twilliams@company.com,(590) 595-3492,Orchard Lane Foods,Sales Director,Financial Services,Richmond,VA,United States,opportunity,Attempted to Contact,2/28/2025
Donna,Lopez,dlopez@company.com,(703) 293-8700,Steadfast Insurance,Executive Assistant,Technology,Charleston,SC,United States,marketingqualifiedlead,Connected,3/11/2024
George,Walker,george.walker@business.net,(489) 907-2412,Willowbrook Nonprofit,Controller,Financial Services,Nashville,TN,United States,lead,Open,10/16/2024
Gary,Brown,garybrown@company.com,,,,Retail,Milwaukee,WI,United States,marketingqualifiedlead,Connected,12/14/2025
Nicholas,Rivera,nicholas.rivera@yahoo.com,(207) 346-8302,Silverline Logistics,Purchasing Manager,Hospitality,Omaha,NE,United States,lead,Attempted to Contact,10/16/2025
Stephanie,Ramirez,stephanieramirez@outlook.com,(235) 570-1462,Quarry Hill Ventures,VP of Sales,Logistics,Kansas City,MO,United States,opportunity,Unqualified,3/9/2026
Katherine,Lee,klee@gmail.com,691-796-7839,Willowbrook Nonprofit,Operations Director,Logistics,Raleigh,NC,United States,salesqualifiedlead,Bad Timing,2/16/2026
Larry,Hernandez,larryhernandez@outlook.com,(532) 846-7366,Willowbrook Nonprofit,VP of Sales,Technology,Tampa,FL,United States,lead,Connected,1/27/2024
Charles,Hall,chall@company.com,(410) 757-8244,Quarry Hill Ventures,Business Development Rep,Biotechnology,Albuquerque,NM,United States,customer,Unqualified,5/3/2024
Patricia,Martinez,patriciamartinez@business.net,(249) 512-5644,Cobalt Digital,Customer Success Manager,Insurance,Portland,OR,United States,customer,Unqualified,2/18/2024
Scott,Milelr,scott.miller@gmail.com,(706) 860-2007,Silverline Logistics,Finance Director,Insurance,Des Moines,IA,United States,lead,Attempted to Contact,3/16/2025
Benjamin,Young,benjamin.young@business.net,(668) 309-3219,Cascade Software,Marketing Manager,Real Estate,Des Moines,IA,United States,marketingqualifiedlead,Bad Timing,7/26/2026
Ronald,Thomas,ronaldthomas@yahoo.com,(589) 677-9743,Meridian Data Systems,Business Development Rep,Logistics,Providence,RI,United States,marketingqualifiedlead,In Progress,8/15/2026
Elizabeth,Green,elizabethgreen@yahoo.com,(908) 883-6298,Redstone Realty,Customer Success Manager,Media,Omaha,NE,United States,subscriber,In Progress,7/13/2024
Deborah,Thompson,dthompson@company.com,(739) 325-8703,Quarry Hill Ventures,Operations Director,Legal Services,Omaha,NE,United States,opportunity,In Progress,10/12/2025
Jacob,Adams,jacobadams@outlook.com,(433) 432-4438,Orchard Lane Foods,HR Manager,Education,Louisville,KY,United States,opportunity,Bad Timing,8/24/2026
Ryan,Rivera,ryan.rivera@gmail.com,(275) 255-3916,Driftwood Hospitality,Product Manager,Education,Richmond,VA,United States,subscriber,Attempted to Contact,5/14/2024
Timothy,Hall,thall@yahoo.com,(610) 978-1601,Vantage Point Law,Operations Manager,Technology,Tucson,AZ,United States,marketingqualifiedlead,In Progress,7/28/2024
Justin,Adams,justin.adams@outlook.com,(407) 662-4840,Lumen Health Partners,Finance Director,Logistics,Columbus,OH,United States,salesqualifiedlead,Unqualified,3/27/2026
Michelle,Wright,mwright@outlook.com,(391) 756-6696,Amber Grove Retail,Regional Sales Manager,Logistics,Tucson,AZ,United States,opportunity,Bad Timing,3/3/2026
Jessica,Rivera,jessicarivera@business.net,(333) 584-4027,Greystone Capital,Account Executive,Nonprofit,Raleigh,NC,United States,lead,In Progress,1/4/2026
Mark,Bakre,markbaker@yahoo.com,(567) 719-5918,Foxglove Biotech,Customer Success Manager,Insurance,Providence,RI,United States,customer,Attempted to Contact,10/14/2024
Donald,White,dwhite@company.com,(258) 564-6410,Driftwood Hospitality,Account Executive,Retail,Albuquerque,NM,United States,salesqualifiedlead,Bad Timing,7/24/2026
Barbara,Sanchez,bsanchez@outlook.com,(769) 486-8077,Cobalt Digital,COO,Education,Raleigh,NC,United States,marketingqualifiedlead,Connected,11/9/2025
Katherine,Martinez,katherinemartinez@yahoo.com,(309) 293-1085,Cascade Software,Regional Sales Manager,Technology,Albuquerque,NM,United States,marketingqualifiedlead,New,2/6/2024
Laura,Jones,ljones@company.com,(296) 536-1425,Cascade Software,Account Executive,Real Estate,Kansas City,MO,United States,marketingqualifiedlead,Attempted to Contact,6/5/2024
Jennifer,Flores,jflores@company.com,(797) 778-9565,Amber Grove Retail,Product Manager,Healthcare,Denver,CO,United States,customer,Connected,4/9/2025
Susan,Smith,susansmith@company.com,862-808-5631,Cascade Software,Account Executive,Construction,Louisville,KY,United States,subscriber,In Progress,12/1/2026
Stephen,Nguyen,stephennguyen@company.com,(356) 400-6404,Harborview Financial,Purchasing Manager,Hospitality,Charleston,SC,United States,lead,Unqualified,11/22/2026
Gregory,Hall,gregoryhall@outlook.com,(289) 282-7400,Greystone Capital,Customer Success Manager,Logistics,Denver,CO,United States,subscriber,New,5/4/2024
Patricia,Scott,patricia.scott@outlook.com,(549) 602-3248,Silverline Logistics,Purchasing Manager,Education,Tampa,FL,United States,customer,Attempted to Contact,11/8/2026
Anthony,Clark,anthonyclark@business.net,(953) 944-2020,Quarry Hill Ventures,VP of Sales,Education,Louisville,KY,United States,lead,Attempted to Contact,11/16/2025
Ashley,Jones,ajones@business.net,(809) 606-6347,Northwind Traders,Product Manager,Media,Richmond,VA,United States,salesqualifiedlead,Unqualified,6/18/2024
Mark,Jackson,mark.jackson@yahoo.com,(750) 495-3755,Coppervale Manufacturing,Regional Sales Manager,Hospitality,Columbus,OH,United States,customer,Bad Timing,9/17/2025
Emma,Hill,emma.hill@gmail.com,(482) 612-3356,Fieldstone Education,COO,Legal Services,Tucson,AZ,United States,customer,Unqualified,7/11/2024
Katherine,Mitchell,katherine.mitchell@outlook.com,(309) 334-4026,Northwind Traders,COO,Hospitality,Tampa,FL,United States,marketingqualifiedlead,Attempted to Contact,10/8/2026
Jacob,Mitchell,jacobmitchell@outlook.com,(899) 922-7390,Orchard Lane Foods,Product Manager,Financial Services,Providence,RI,United States,opportunity,Bad Timing,1/10/2025
James,Clark,jclark@outlook.com,(554) 851-1157,Amber Grove Retail,Marketing Manager,Media,Austin,TX,United States,customer,Unqualified,12/10/2026
Robert,King,robertking@business.net,(217) 714-8054,Driftwood Hospitality,Customer Success Manager,Manufacturing,Tampa,FL,United States,subscriber,Attempted to Contact,4/7/2024
Pamela,Adams,pamelaadams@outlook.com,616-656-2374,Foxglove Biotech,Marketing Coordinator,Healthcare,Portland,OR,United States,lead,In Progress,9/4/2024
Lisa,Lewis,lisalewis@outlook.com,(588) 634-4510,Pinnacle Logistics Group,HR Manager,Real Estate,Raleigh,NC,United States,subscriber,Bad Timing,2/15/2025
Elizabeth,Adams,elizabethadams@business.net,(643) 879-9846,Amber Grove Retail,Finance Director,Real Estate,Salt Lake City,UT,United States,salesqualifiedlead,In Progress,9/15/2026
Benjamin,Miller,benjamin.miller@yahoo.com,(245) 560-9945,Amber Grove Retail,Customer Success Manager,Insurance,Charleston,SC,United States,customer,Unqualified,8/21/2026
Ashley,Wright,awright@gmail.com,(380) 237-7504,Driftwood Hospitality,Controller,Financial Services,Columbus,OH,United States,customer,Bad Timing,2/8/2024
Nancy,Perez,nperez@gmail.com,(474) 950-2522,Steadfast Insurance,Office Manager,Financial Services,Milwaukee,WI,United States,subscriber,Unqualified,4/1/2024
Charles,Hall,chall@outlook.com,(410) 757-8244,Quarry Hill Ventures,Business Development Rep,Biotechnology,Albuquerque,NM,United States,customer,Unqualified,9/20/2025
Pamela,Wilson,pamelawilson@yahoo.com,(255) 428-8445,Amber Grove Retail,Operations Director,Media,Omaha,NE,United States,opportunity,Attempted to Contact,12/22/2025
Ryan,Garcia,ryan.garcia@company.com,(531) 909-7513,Willowbrook Nonprofit,Finance Director,Nonprofit,Austin,TX,United States,salesqualifiedlead,Connected,12/20/2025
Amy,Brown,abrown@company.com,(252) 511-2803,Redstone Realty,Business Development Rep,Logistics,Louisville,KY,United States,marketingqualifiedlead,Connected,4/11/2025
James,Taylor,jtaylor@company.com,(309) 772-2185,Pinnacle Logistics Group,IT Manager,Technology,Nashville,TN,United States,subscriber,Bad Timing,5/18/2026
RONALD,THOMAS,rthomas2@gmail.com,(907) 686-3539,Steadfast Insurance,Operations Manager,Healthcare,Austin,TX,United States,lead,Unqualified,2/23/2024
Shirley,Smith,shirleysmith@company.com,(255) 392-9494,Steadfast Insurance,COO,Media,Providence,RI,United States,salesqualifiedlead,Connected,1/7/2025
Debra,Clark,dclark@company.com,(502) 767-3085,Cobalt Digital,Executive Assistant,Legal Services,Richmond,VA,United States,salesqualifiedlead,Connected,3/20/2026
Kimberly,Hill,kimberly.hill@outlook.com,(319) 989-2512,Meridian Data Systems,Purchasing Manager,Real Estate,Charleston,SC,United States,customer,Attempted to Contact,9/7/2024
Ronald,Nguyen,ronald.nguyen@yahoo.com,,,,Media,Raleigh,NC,United States,customer,Unqualified,1/12/2025
Thomas,Moore,tmoore@gmail.com,(499) 914-3068,Meridian Data Systems,Controller,Manufacturing,Columbus,OH,United States,subscriber,Attempted to Contact,8/16/2025
Karen,Torres,karen.torres@gmail.com,(321) 771-7818,Fieldstone Education,COO,Media,Salt Lake City,UT,United States,opportunity,Open,7/15/2026
Nancy,Allen,nallen@gmail.com,(335) 291-6198,Quarry Hill Ventures,Marketing Coordinator,Real Estate,Tucson,AZ,United States,lead,In Progress,12/9/2025
Thomas,Torres,ttorres@gmail.com,(476) 441-8081,Foxglove Biotech,Purchasing Manager,Healthcare,Kansas City,MO,United States,lead,Bad Timing,3/16/2026
Eric,Perez,eric.perez@gmail.com,(752) 806-5238,Harborview Financial,IT Manager,Nonprofit,Nashville,TN,United States,salesqualifiedlead,Attempted to Contact,12/2/2024
Donna,Torres,dtorres@company.com,(985) 836-1430,Fieldstone Education,Product Manager,Retail,Kansas City,MO,United States,lead,In Progress,5/11/2026
Amanda,Davis,amandadavis@outlook.com,(272) 434-7276,Silverline Logistics,Account Executive,Manufacturing,Boise,ID,United States,marketingqualifiedlead,In Progress,3/13/2025
Helen,Walker,helen.walker@yahoo.com,(932) 680-4206,Brightpath Consulting,Finance Director,Retail,Denver,CO,United States,subscriber,Bad Timing,12/24/2026
Jonathan,Johnson,jonathan.johnson@company.com,(213) 375-8817,Vantage Point Law,Purchasing Manager,Insurance,Austin,TX,United States,customer,Connected,12/16/2026
Shirley,Nguyen,snguyen@outlook.com,(283) 681-2062,Ironwood Manufacturing,Marketing Coordinator,Real Estate,Tucson,AZ,United States,customer,Bad Timing,6/16/2026
Steven,Roberts,stevenroberts@gmail.com,(352) 868-1014,Hollowridge Transport,Sales Director,Legal Services,Omaha,NE,United States,salesqualifiedlead,In Progress,12/11/2024
Brian,Smith,bsmith@outlook.com,(873) 610-2140,Brightpath Consulting,Marketing Manager,Manufacturing,Nashville,TN,United States,customer,Attempted to Contact,7/14/2024
Charles,Rivera,crivera@outlook.com,,,,Logistics,Boise,ID,United States,salesqualifiedlead,Bad Timing,7/25/2024
Carol,Nguyen,cnguyen@gmail.com,(669) 850-6869,Foxglove Biotech,Operations Manager,Media,Austin,TX,United States,opportunity,Unqualified,7/27/2024
Sarah,Allen,sallen@company.com,(659) 352-6328,Silverline Logistics,COO,Legal Services,Omaha,NE,United States,opportunity,Unqualified,4/13/2025
Pamela,Smith,psmith@gmail.com,(352) 758-1590,Elmshade Legal,Business Development Rep,Hospitality,Raleigh,NC,United States,opportunity,Open,3/2/2025
Brenda,Garcia,brenda.garcia@outlook.com,(592) 910-3503,Quarry Hill Ventures,Finance Director,Manufacturing,Portland,OR,United States,salesqualifiedlead,Unqualified,9/15/2025
Nicholas,Williams,nicholaswilliams@yahoo.com,(316) 832-4714,Ferncrest Media,Operations Director,Healthcare,Denver,CO,United States,salesqualifiedlead,In Progress,6/25/2025
Katherine,Martin,katherine.martin@yahoo.com,(882) 423-2850,Harborview Financial,Executive Assistant,Technology,Sacramento,CA,United States,subscriber,Open,10/4/2025
Scott,Lopez,scottlopez@gmail.com,(865) 591-5509,Meridian Data Systems,Regional Sales Manager,Technology,Albuquerque,NM,United States,subscriber,New,2/4/2024
Dorothy,Hall,dhall@outlook.com,(780) 573-6182,Granite Peak Construction,Customer Success Manager,Retail,Charleston,SC,United States,marketingqualifiedlead,Open,12/24/2024
Barbara,Miller,barbara.miller@yahoo.com,(475) 966-4432,Hollowridge Transport,Purchasing Manager,Nonprofit,Charleston,SC,United States,marketingqualifiedlead,New,8/1/2024
Kathleen,Flores,kathleenflores@outlook.com,(952) 986-6431,Driftwood Hospitality,Purchasing Manager,Healthcare,Sacramento,CA,United States,salesqualifiedlead,Open,6/1/2024
Ryan,Gonzalez,ryangonzalez@gmail.com,(247) 848-3018,Coppervale Manufacturing,Regional Sales Manager,Construction,Richmond,VA,United States,customer,Attempted to Contact,3/16/2026
David,Johnson,david.johnson@outlook.com,(761) 944-9647,Granite Peak Construction,Account Executive,Media,Tampa,FL,United States,marketingqualifiedlead,Open,2/2/2025
Mary,Brown,mary.brown@outlook.com,(610) 581-2376,Crestline Energy,CEO,Logistics,Kansas City,MO,United States,subscriber,New,4/21/2024
Samantha,Williams,samantha.williams@yahoo.com,(863) 772-2097,Marlowe & Co.,Finance Director,Financial Services,Milwaukee,WI,United States,marketingqualifiedlead,Open,2/21/2026
Nancy,Nguyen,nancy.nguyen@gmail.com,(709) 809-4613,Silverline Logistics,Finance Director,Real Estate,Denver,CO,United States,marketingqualifiedlead,Bad Timing,11/13/2026
Paul,Green,paulgreen@business.net,(779) 944-1981,Pinnacle Logistics Group,Finance Director,Technology,Providence,RI,United States,salesqualifiedlead,Open,3/24/2024
Brian,Davis,briandavis@business.net,(741) 330-4648,Elmshade Legal,Marketing Manager,Media,Nashville,TN,United States,subscriber,In Progress,11/24/2025
Daniel,Thomas,daniel.thomas@gmail.com,(413) 366-7365,Coppervale Manufacturing,Purchasing Manager,Logistics,Albuquerque,NM,United States,customer,Bad Timing,3/4/2026
Susan,Lee,susanlee@gmail.com,(745) 672-7566,Crestline Energy,Executive Assistant,Healthcare,Providence,RI,United States,opportunity,Open,3/16/2026
Patricia,Walker,patricia.walker@yahoo.com,(591) 848-4610,Willowbrook Nonprofit,HR Manager,Media,Raleigh,NC,United States,marketingqualifiedlead,Unqualified,9/18/2025
Debra,Carter,debra.carter@yahoo.com,(651) 566-3915,Cobalt Digital,Sales Director,Biotechnology,Austin,TX,United States,customer,Attempted to Contact,8/23/2024
Samuel,Martinez,samuel.martinez@outlook.com,(261) 369-6039,Fieldstone Education,CEO,Biotechnology,Tampa,FL,United States,marketingqualifiedlead,Unqualified,8/23/2024
Jeffrey,Rodriguez,jrodriguez@outlook.com,(811) 667-8126,Pinnacle Logistics Group,Operations Director,Logistics,Providence,RI,United States,marketingqualifiedlead,Unqualified,4/26/2026
Cynthia,Moore,cynthiamoore@yahoo.com,(415) 670-6381,Northwind Traders,VP of Sales,Legal Services,Kansas City,MO,United States,subscriber,Attempted to Contact,1/1/2025
Ronald,Walker,ronald.walker@yahoo.com,(857) 757-7349,Ironwood Manufacturing,Business Development Rep,Biotechnology,Tucson,AZ,United States,salesqualifiedlead,In Progress,8/2/2024
Shirley,Harris,shirleyharris@company.com,(821) 478-4390,Ironwood Manufacturing,Marketing Manager,Financial Services,Providence,RI,United States,opportunity,Open,12/1/2026
Linda,King,lking2@business.net,(894) 523-9779,Northwind Traders,Finance Director,Hospitality,Salt Lake City,UT,United States,customer,In Progress,2/5/2025
Benjamin,Jones,bjones@outlook.com,(634) 306-4368,Marlowe & Co.,Executive Assistant,Legal Services,Sacramento,CA,United States,subscriber,Connected,3/1/2026
Edward,Hill,edwardhill@outlook.com,(836) 838-2578,Coppervale Manufacturing,Operations Manager,Legal Services,Richmond,VA,United States,opportunity,Bad Timing,8/7/2025
Sarah,Williams,sarahwilliams2@yahoo.com,+1 318 299 4846,Greystone Capital,Operations Director,Financial Services,Columbus,OH,United States,salesqualifiedlead,Unqualified,4/1/2026
Pamela,Miller,pamelamiller@outlook.com,(325) 473-8366,Harborview Financial,VP of Sales,Manufacturing,Richmond,VA,United States,subscriber,In Progress,10/14/2025
Karen,Robinson,karenrobinson@yahoo.com,(918) 762-8714,Coppervale Manufacturing,Operations Director,Media,Des Moines,IA,United States,customer,Bad Timing,4/22/2024
Jeffrey,Perez,jeffreyperez@gmail.com,(689) 316-2070,Lumen Health Partners,Controller,Manufacturing,Nashville,TN,United States,opportunity,Connected,1/5/2026
Kathleen,Roberts,kathleen.roberts@yahoo.com,(398) 315-3444,Willowbrook Nonprofit,Controller,Construction,Sacramento,CA,United States,lead,Open,1/2/2026
Christine,Jackson,cjackson@business.net,(604) 477-8289,Coppervale Manufacturing,Business Development Rep,Nonprofit,Tampa,FL,United States,opportunity,Attempted to Contact,7/6/2025
Brenda,Torres,btorres@gmail.com,(543) 953-1898,Pinnacle Logistics Group,Business Development Rep,Biotechnology,Sacramento,CA,United States,subscriber,New,6/15/2025
Carolyn,Davis,carolyn.davis@yahoo.com,(662) 433-7779,Amber Grove Retail,Regional Sales Manager,Real Estate,Providence,RI,United States,salesqualifiedlead,Connected,9/17/2026
Lisa,Baker,lbaker@gmail.com,(672) 925-4434,Vantage Point Law,IT Manager,Insurance,Providence,RI,United States,customer,New,11/16/2025
Brian,Smith,bsmith@yahoo.com,(873) 610-2140,Brightpath Consulting,Marketing Manager,Manufacturing,Nashville,TN,United States,customer,Attempted to Contact,3/4/2025
Ronald,Torres,rtorres@business.net,(989) 702-8833,Granite Peak Construction,Purchasing Manager,Insurance,Austin,TX,United States,customer,Bad Timing,9/8/2024
ANGELA,WHITE,angela.white@company.com,(920) 923-4425,Northwind Traders,Finance Director,Insurance,Columbus,OH,United States,customer,Unqualified,12/14/2026
Joshua,Nguyen,jnguyen@business.net,(745) 701-5911,Orchard Lane Foods,Marketing Manager,Technology,Richmond,VA,United States,marketingqualifiedlead,Connected,7/19/2024
Angela,Sanchez,angela.sanchez@company.com,(973) 248-2796,Brightpath Consulting,Customer Success Manager,Media,Louisville,KY,United States,customer,Unqualified,2/13/2026
Brenda,Taylor,brenda.taylor@yahoo.com,(298) 250-7437,Crestline Energy,Operations Director,Insurance,Salt Lake City,UT,United States,salesqualifiedlead,Open,6/1/2024
Amanda,Baker,amanda.baker@company.com,(861) 339-8888,Brightpath Consulting,Regional Sales Manager,Biotechnology,Tucson,AZ,United States,opportunity,In Progress,7/24/2025
Carol,Roberts,croberts@business.net,(541) 549-7488,,,Hospitality,Austin,TX,United States,subscriber,Bad Timing,9/18/2025
Mary,Rivera,maryrivera@gmail.com,,,,Real Estate,Louisville,KY,United States,subscriber,Unqualified,3/22/2024
Amy,Mitchell,amy.mitchell2@company.com,,,,Financial Services,Denver,CO,United States,opportunity,Attempted to Contact,8/2/2025
Benjamin,Torres,benjamin.torres@company.com,(770) 455-2988,Vantage Point Law,VP of Sales,Media,Louisville,KY,United States,salesqualifiedlead,Connected,9/20/2026
Justin,Hall,justinhall@outlook.com,(623) 531-8387,Northwind Traders,Customer Success Manager,Construction,Providence,RI,United States,opportunity,Connected,8/3/2024
Gary,Anderson,gary.anderson@business.net,(632) 790-6174,Marlowe & Co.,Operations Manager,Logistics,Columbus,OH,United States,customer,Unqualified,2/16/2025
Jessica,Brown,jbrown@outlook.com,(800) 442-9076,Pinnacle Logistics Group,Marketing Coordinator,Real Estate,Sacramento,CA,United States,subscriber,In Progress,6/15/2024
Amanda,Wright,awright@company.com,(484) 861-2450,Foxglove Biotech,Customer Success Manager,Nonprofit,Columbus,OH,United States,subscriber,Attempted to Contact,12/10/2026
Frank,Gonzalez,frankgonzalez@yahoo.com,(271) 485-6753,Meridian Data Systems,Marketing Coordinator,Real Estate,Albuquerque,NM,United States,customer,Bad Timing,6/1/2026
Nicholas,Young,nicholasyoung@business.net,(875) 956-3875,Silverline Logistics,CEO,Financial Services,Nashville,TN,United States,customer,New,5/4/2025
Helen,Davis,hdavis@business.net,(395) 397-8303,Hollowridge Transport,Account Executive,Manufacturing,Columbus,OH,United States,opportunity,Attempted to Contact,5/24/2025
Edward,Hill,edward.hill@company.com,(664) 203-5315,Pinnacle Logistics Group,Customer Success Manager,Education,Salt Lake City,UT,United States,subscriber,Bad Timing,5/27/2026
Benjamin,Martinez,benjaminmartinez@yahoo.com,(846) 827-7631,Foxglove Biotech,Operations Manager,Manufacturing,Nashville,TN,United States,lead,In Progress,6/11/2024
Larry,Walkre,larry.walker@gmail.com,(693) 907-2311,Brightpath Consulting,Marketing Coordinator,Insurance,Milwaukee,WI,United States,marketingqualifiedlead,Unqualified,5/18/2024
Gregory,Carter,gregory.carter@gmail.com,(472) 969-1118,Willowbrook Nonprofit,CEO,Media,Raleigh,NC,United States,subscriber,New,9/26/2024
Carol,Roberts,croberts@gmail.com,(541) 549-7488,Aster Marketing,CEO,Hospitality,Austin,TX,United States,subscriber,Bad Timing,4/11/2024
Stephen,Clark,stephen.clark@business.net,(617) 848-4829,Hollowridge Transport,Marketing Manager,Logistics,Denver,CO,United States,opportunity,Attempted to Contact,7/13/2026
WILLIAM,THOMPSON,william.thompson@business.net,(201) 249-7323,Vantage Point Law,Executive Assistant,Financial Services,Tampa,FL,United States,salesqualifiedlead,Unqualified,9/9/2024
Susan,Jones,susanjones@yahoo.com,(364) 949-2228,Marlowe & Co.,Operations Manager,Technology,Richmond,VA,United States,opportunity,Attempted to Contact,6/10/2024
Emma,Gonzalez,egonzalez@business.net,(736) 452-4970,Silverline Logistics,Product Manager,Media,Providence,RI,United States,salesqualifiedlead,In Progress,10/3/2026
Michelle,Taylor,mtaylor@outlook.com,(953) 534-6211,Vantage Point Law,Product Manager,Healthcare,Richmond,VA,United States,subscriber,Open,4/9/2024
Rachel,Hill,rachelhill@yahoo.com,(247) 305-9529,Coppervale Manufacturing,IT Manager,Retail,Denver,CO,United States,opportunity,Bad Timing,11/7/2025
Jessica,Lopez,jlopez@yahoo.com,(701) 297-9666,Steadfast Insurance,CEO,Insurance,Louisville,KY,United States,marketingqualifiedlead,Attempted to Contact,10/4/2025
AMY,JACKSON,amy.jackson@business.net,(955) 846-7449,Cobalt Digital,IT Manager,Biotechnology,Tampa,FL,United States,customer,Attempted to Contact,2/10/2024
Mark,Jones,markjones@business.net,(244) 268-4580,Granite Peak Construction,IT Manager,Media,Tampa,FL,United States,opportunity,Unqualified,12/18/2024
Susan,Jones,susanjones@outlook.com,(364) 949-2228,Marlowe & Co.,Operations Manager,Technology,Richmond,VA,United States,opportunity,Attempted to Contact,12/1/2025
Angela,Mitchell,angelamitchell@yahoo.com,(767) 497-1606,,,Construction,Charleston,SC,United States,opportunity,Attempted to Contact,11/18/2025
Pamela,Walker,pwalker@yahoo.com,(768) 695-5157,Cascade Software,CEO,Technology,Nashville,TN,United States,customer,Unqualified,3/28/2026
Paul,Moore,pmoore@yahoo.com,(798) 600-8554,Coppervale Manufacturing,HR Manager,Nonprofit,Raleigh,NC,United States,customer,Attempted to Contact,9/11/2024
Jeffrey,Adams,jeffreyadams@gmail.com,(404) 843-6006,Amber Grove Retail,CEO,Manufacturing,Portland,OR,United States,subscriber,Open,9/23/2024
Thomas,Moore,tmoore@business.net,(929) 532-7240,Fieldstone Education,Marketing Coordinator,Logistics,Des Moines,IA,United States,salesqualifiedlead,Attempted to Contact,7/4/2026
Scott,Flores,sflores@gmail.com,(657) 792-3045,Silverline Logistics,Sales Director,Biotechnology,Omaha,NE,United States,subscriber,Unqualified,12/3/2025
Samantha,Ramirez,samantha.ramirez@gmail.com,(333) 394-4140,Marlowe & Co.,Purchasing Manager,Nonprofit,Denver,CO,United States,marketingqualifiedlead,In Progress,7/21/2026
Greg,Wilson,gwilson@business.net,(220) 985-1145,Orchard Lane Foods,VP of Sales,Legal Services,Tampa,FL,United States,lead,Attempted to Contact,4/28/2024
Debra,Rodriguez,debra.rodriguez@gmail.com,(863) 216-3359,Aster Marketing,Controller,Legal Services,Portland,OR,United States,salesqualifiedlead,Open,3/21/2024
Charles,Nelson,cnelson@company.com,(498) 599-8326,Cobalt Digital,Finance Director,Legal Services,Portland,OR,United States,marketingqualifiedlead,In Progress,11/10/2026
Jason,Hernandez,jhernandez@yahoo.com,(509) 712-9735,Willowbrook Nonprofit,Purchasing Manager,Hospitality,Boise,ID,United States,marketingqualifiedlead,Connected,12/28/2025
Emma,Walker,emmawalker@company.com,(921) 585-1963,Driftwood Hospitality,Office Manager,Financial Services,Sacramento,CA,United States,customer,Open,4/23/2026
Christine,Smith,christine.smith@business.net,(894) 351-7169,Granite Peak Construction,Customer Success Manager,Biotechnology,Milwaukee,WI,United States,subscriber,New,8/6/2025
Matthew,Davis,mdavis@outlook.com,(669) 863-5215,Quarry Hill Ventures,Customer Success Manager,Retail,Richmond,VA,United States,customer,In Progress,10/22/2025
Shirley,Gonzalez,sgonzalez@yahoo.com,(255) 445-9108,Lumen Health Partners,Account Executive,Healthcare,Albuquerque,NM,United States,salesqualifiedlead,Connected,2/17/2026
Amy,Mitchell,amy.mitchell@company.com,(333) 410-6075,Granite Peak Construction,Controller,Financial Services,Denver,CO,United States,opportunity,Attempted to Contact,10/7/2025
David,Wright,dwright2@gmail.com,(603) 399-9035,Amber Grove Retail,COO,Hospitality,Omaha,NE,United States,opportunity,New,5/27/2026
Daniel,Green,danielgreen@business.net,(248) 552-7244,Driftwood Hospitality,Marketing Coordinator,Technology,Boise,ID,United States,customer,Unqualified,3/10/2025
Sandra,Brown,sandra.brown@business.net,(965) 521-1936,Beacon Analytics,CEO,Construction,Charleston,SC,United States,opportunity,Bad Timing,3/2/2026
Justin,Torres,justin.torres@business.net,(558) 506-5661,Willowbrook Nonprofit,CEO,Legal Services,Providence,RI,United States,lead,Connected,9/24/2025
Kenneth,Adams,kennethadams@company.com,(896) 729-6644,Brightpath Consulting,Operations Director,Legal Services,Denver,CO,United States,opportunity,Open,7/17/2024
Edward,Lopez,edwardlopez@yahoo.com,,,,Biotechnology,Providence,RI,United States,subscriber,Attempted to Contact,7/17/2026
KATHLEEN,FLORES,kflores@gmail.com,(952) 986-6431,Driftwood Hospitality,Purchasing Manager,Healthcare,Sacramento,CA,United States,salesqualifiedlead,Open,9/4/2024
Joshua,Roberts,joshuaroberts@outlook.com,(632) 222-2908,Ironwood Manufacturing,VP of Sales,Nonprofit,Omaha,NE,United States,customer,Unqualified,8/1/2025
Gregory,Lopez,glopez@business.net,(920) 700-7435,Marlowe & Co.,Operations Manager,Media,Boise,ID,United States,customer,Connected,9/1/2024
Scott,Anderson,scottanderson@gmail.com,(281) 904-8808,Brightpath Consulting,Marketing Coordinator,Insurance,Kansas City,MO,United States,opportunity,Unqualified,11/12/2026
Bill,Taylor,wtaylor@yahoo.com,(894) 737-4669,Willowbrook Nonprofit,Office Manager,Education,Richmond,VA,United States,opportunity,Connected,11/10/2026
Charles,Nelson,charlesnelson@yahoo.com,,,,Legal Services,Portland,OR,United States,marketingqualifiedlead,In Progress,2/15/2024
Jeffrey,Rodriguez,jeffrey.rodriguez@yahoo.com,(243) 672-1829,Ironwood Manufacturing,CEO,Real Estate,Denver,CO,United States,customer,Unqualified,1/13/2025
Raymond,Rodriguez,raymond.rodriguez@outlook.com,(479) 569-7873,Meridian Data Systems,Business Development Rep,Retail,Milwaukee,WI,United States,marketingqualifiedlead,In Progress,11/3/2026
Donna,Garcia,donna.garcia@yahoo.com,(580) 880-3711,Beacon Analytics,Purchasing Manager,Legal Services,Milwaukee,WI,United States,marketingqualifiedlead,Connected,4/14/2026
Emma,Hill,emmahill@outlook.com,(346) 876-9540,Harborview Financial,Executive Assistant,Logistics,Richmond,VA,United States,marketingqualifiedlead,New,10/24/2026
Brandon,Garcia,bgarcia@company.com,(959) 879-2279,Willowbrook Nonprofit,Operations Director,Media,Kansas City,MO,United States,opportunity,In Progress,1/11/2026
Ronald,Thomas,rthomas@gmail.com,(907) 686-3539,Steadfast Insurance,Operations Manager,Healthcare,Austin,TX,United States,lead,Unqualified,11/20/2024
Jessica,Baker,jessicabaker@business.net,(623) 255-3470,Brightpath Consulting,Finance Director,Technology,Albuquerque,NM,United States,salesqualifiedlead,Attempted to Contact,3/11/2025
Carolyn,Ramirez,carolyn.ramirez@business.net,(301) 533-2040,Quarry Hill Ventures,Operations Director,Financial Services,Salt Lake City,UT,United States,salesqualifiedlead,Bad Timing,1/13/2026
Kimberly,Baker,kbaker@company.com,(668) 387-8191,Steadfast Insurance,Regional Sales Manager,Education,Des Moines,IA,United States,marketingqualifiedlead,In Progress,9/23/2025
John,Moore,jmoore@outlook.com,(954) 622-6451,Quarry Hill Ventures,Executive Assistant,Biotechnology,Denver,CO,United States,subscriber,Bad Timing,2/16/2024
Jason,Jackson,jjackson@gmail.com,(729) 345-8595,Elmshade Legal,Regional Sales Manager,Manufacturing,Des Moines,IA,United States,customer,Attempted to Contact,3/25/2024
Jessica,Wilson,jwilson@company.com,(749) 352-4817,Hollowridge Transport,Operations Manager,Retail,Louisville,KY,United States,customer,Open,11/1/2025
Jennifer,Flores,jflores@outlook.com,(860) 507-8491,Amber Grove Retail,Operations Manager,Retail,Albuquerque,NM,United States,salesqualifiedlead,Attempted to Contact,2/3/2026
Elizabeth,Mitchell,elizabeth.mitchell@company.com,(806) 810-8584,Amber Grove Retail,Operations Director,Manufacturing,Charleston,SC,United States,salesqualifiedlead,Open,7/3/2025
Andrew,Hill,andrew.hill@yahoo.com,(791) 719-4485,Brightpath Consulting,Controller,Healthcare,Salt Lake City,UT,United States,subscriber,In Progress,6/4/2026
Ryan,Martinez,ryan.martinez@yahoo.com,(964) 881-1562,Fieldstone Education,Office Manager,Logistics,Des Moines,IA,United States,opportunity,Connected,5/28/2024
Ryan,Allen,ryanallen@gmail.com,(780) 370-7024,Ironwood Manufacturing,Product Manager,Media,Milwaukee,WI,United States,subscriber,Attempted to Contact,12/4/2026
Jonathan,Wilson,jwilson@yahoo.com,(913) 861-4156,Quarry Hill Ventures,Business Development Rep,Hospitality,Denver,CO,United States,customer,Connected,10/6/2026
Mark,Lopez,mlopez@business.net,,,,Manufacturing,Louisville,KY,United States,marketingqualifiedlead,Open,6/21/2024
Justin,Nelson,justinnelson@yahoo.com,(871) 915-7421,Brightpath Consulting,COO,Nonprofit,Portland,OR,United States,subscriber,In Progress,7/21/2026
Patricia,Garcia,patriciagarcia@company.com,(843) 475-1095,Amber Grove Retail,Sales Director,Legal Services,Omaha,NE,United States,opportunity,Unqualified,12/24/2025
Kimberly,Hernandez,khernandez@business.net,(520) 394-3610,Orchard Lane Foods,Marketing Coordinator,Construction,Richmond,VA,United States,salesqualifiedlead,In Progress,1/3/2025
James,Rivera,james.rivera@gmail.com,(970) 920-2025,Crestline Energy,Account Executive,Media,Sacramento,CA,United States,opportunity,Open,7/24/2026
Andrew,Rivera,andrew.rivera@company.com,(903) 439-5334,Driftwood Hospitality,CEO,Legal Services,Salt Lake City,UT,United States,lead,Unqualified,9/8/2024
Helen,Martinez,hmartinez@outlook.com,(705) 675-8354,Willowbrook Nonprofit,CEO,Legal Services,Denver,CO,United States,customer,Attempted to Contact,11/11/2025
Larry,Harris,larryharris@yahoo.com,(973) 957-3292,Driftwood Hospitality,Operations Manager,Education,Providence,RI,United States,customer,In Progress,2/14/2024
George,Williams,georgewilliams@outlook.com,(401) 891-6394,Redstone Realty,IT Manager,Nonprofit,Providence,RI,United States,customer,Bad Timing,4/23/2025
Katherine,Maritnez,katherine.martinez@gmail.com,(309) 293-1085,Cascade Software,Regional Sales Manager,Technology,Albuquerque,NM,United States,marketingqualifiedlead,New,1/18/2026
Jonathan,Roberts,jonathanroberts@company.com,(724) 680-6431,Granite Peak Construction,Business Development Rep,Media,Austin,TX,United States,marketingqualifiedlead,In Progress,1/23/2024
Gary,Brown,gbrown@gmail.com,(671) 536-5888,Steadfast Insurance,Account Executive,Retail,Milwaukee,WI,United States,marketingqualifiedlead,Connected,7/12/2024
David,Carter,dcarter@business.net,(356) 766-3878,Redstone Realty,Purchasing Manager,Construction,Salt Lake City,UT,United States,marketingqualifiedlead,Unqualified,7/18/2025
Samantha,King,samanthaking@gmail.com,6062807112,Lumen Health Partners,Regional Sales Manager,Hospitality,Tampa,FL,United States,lead,Connected,6/12/2026
Frank,Wright,fwright@yahoo.com,(374) 971-2465,Ferncrest Media,Executive Assistant,Nonprofit,Kansas City,MO,United States,subscriber,Open,7/6/2024
Eric,Robinson,eric.robinson@gmail.com,,,,Construction,Nashville,TN,United States,marketingqualifiedlead,Attempted to Contact,6/20/2024
Susan,Green,sgreen@outlook.com,(847) 648-4104,,,Healthcare,Milwaukee,WI,United States,subscriber,Connected,11/19/2025
Brian,Wilson,brianwilson@gmail.com,(364) 388-4617,Fieldstone Education,Product Manager,Healthcare,Boise,ID,United States,subscriber,Open,9/24/2026
Brandon,Martin,brandon.martin@yahoo.com,(307) 665-1691,Orchard Lane Foods,HR Manager,Biotechnology,Boise,ID,United States,subscriber,Connected,12/8/2024
Pamela,Hernandez,pamela.hernandez@yahoo.com,(391) 522-8389,Fieldstone Education,Sales Director,Insurance,Tucson,AZ,United States,marketingqualifiedlead,New,3/7/2025
Deborah,Ramirez,deborahramirez@company.com,(547) 391-9129,Quarry Hill Ventures,Controller,Technology,Albuquerque,NM,United States,opportunity,In Progress,12/14/2024
Jessica,Rivera,jrivera@gmail.com,(333) 584-4027,Greystone Capital,Account Executive,Nonprofit,Raleigh,NC,United States,lead,In Progress,8/22/2025
Steven,Young,syoung@outlook.com,(337) 230-2631,Aster Marketing,Sales Director,Insurance,Tucson,AZ,United States,subscriber,Unqualified,1/6/2026
Daniel,White,daniel.white@outlook.com,(405) 342-4878,Driftwood Hospitality,Controller,Retail,Louisville,KY,United States,marketingqualifiedlead,Attempted to Contact,6/15/2026
Ashley,Roberts,ashley.roberts@yahoo.com,(300) 442-7759,Foxglove Biotech,Finance Director,Real Estate,Raleigh,NC,United States,lead,New,10/16/2025
Sharon,Lewis,slewis@business.net,(617) 305-1430,Silverline Logistics,Business Development Rep,Education,Providence,RI,United States,subscriber,Attempted to Contact,6/28/2026
Jacob,Lopez,jacoblopez@gmail.com,(212) 324-5078,Lumen Health Partners,Regional Sales Manager,Healthcare,Sacramento,CA,United States,customer,New,3/27/2025
Mary,Roberts,mroberts@gmail.com,(550) 639-1131,Granite Peak Construction,Controller,Logistics,Kansas City,MO,United States,marketingqualifiedlead,Unqualified,7/8/2024
Margaret,Thomas,mthomas@outlook.com,(454) 510-5675,Crestline Energy,Regional Sales Manager,Legal Services,Boise,ID,United States,lead,In Progress,2/12/2025
Joseph,Jackson,joseph.jackson@gmail.com,(548) 958-4082,Aster Marketing,Account Executive,Hospitality,Denver,CO,United States,marketingqualifiedlead,Open,7/19/2025
Eric,Lewis,eric.lewis@outlook.com,(825) 908-1616,Fieldstone Education,Customer Success Manager,Nonprofit,Boise,ID,United States,salesqualifiedlead,Attempted to Contact,11/27/2024
Margaret,Gonzalez,margaretgonzalez@gmail.com,(393) 883-8794,Quarry Hill Ventures,Regional Sales Manager,Hospitality,Sacramento,CA,United States,customer,In Progress,10/11/2026
Debra,Thomas,debrathomas@business.net,(516) 854-6945,Greystone Capital,Account Executive,Education,Tampa,FL,United States,lead,Bad Timing,7/1/2025
Kenneth,Harris,kenneth.harris@gmail.com,(786) 300-9001,Ferncrest Media,Finance Director,Technology,Charleston,SC,United States,salesqualifiedlead,Attempted to Contact,6/15/2024
Kevin,Rodriguez,krodriguez@gmail.com,(886) 633-9331,Steadfast Insurance,Marketing Manager,Technology,Louisville,KY,United States,marketingqualifiedlead,Open,6/25/2024
Amy,Moore,amoore@business.net,(489) 302-4180,Cascade Software,HR Manager,Technology,Charleston,SC,United States,lead,In Progress,12/18/2024
Jennifer,Thompson,jennifer.thompson@gmail.com,(579) 270-9289,Meridian Data Systems,Office Manager,Retail,Providence,RI,United States,salesqualifiedlead,Bad Timing,11/7/2024
Kathleen,Perez,kathleen.perez@yahoo.com,(639) 988-7843,Cobalt Digital,Regional Sales Manager,Construction,Denver,CO,United States,opportunity,New,3/19/2025
Jason,Hill,jasonhill@business.net,(948) 442-9220,Redstone Realty,Executive Assistant,Biotechnology,Austin,TX,United States,opportunity,Attempted to Contact,1/2/2025
Susan,Hall,susan.hall@business.net,(393) 805-3436,Harborview Financial,Account Executive,Financial Services,Louisville,KY,United States,salesqualifiedlead,New,4/5/2025
Jason,Johnson,jasonjohnson@yahoo.com,(252) 589-7673,Pinnacle Logistics Group,IT Manager,Nonprofit,Des Moines,IA,United States,customer,Open,12/12/2025
Patricia,Rodriguez,patricia.rodriguez@yahoo.com,(802) 531-1258,Ironwood Manufacturing,Product Manager,Retail,Austin,TX,United States,lead,Connected,9/4/2025
Matthew,Clark,matthew.clark@company.com,(229) 497-5289,Harborview Financial,COO,Construction,Nashville,TN,United States,lead,In Progress,11/21/2026
Shirley,Davis,shirleydavis@gmail.com,(485) 769-5329,Brightpath Consulting,Customer Success Manager,Hospitality,Albuquerque,NM,United States,marketingqualifiedlead,New,8/23/2025
Ryan,Perez,ryanperez@yahoo.com,(938) 532-2391,Greystone Capital,Sales Director,Financial Services,Nashville,TN,United States,lead,Bad Timing,1/22/2026
Brandon,Lee,blee@gmail.com,(259) 505-7388,Ferncrest Media,Office Manager,Financial Services,Nashville,TN,United States,salesqualifiedlead,In Progress,7/27/2025
Pamela,Hall,pamela.hall@yahoo.com,(881) 803-3872,Lumen Health Partners,IT Manager,Nonprofit,Des Moines,IA,United States,customer,In Progress,3/24/2024
George,Green,georgegreen@outlook.com,(380) 951-9548,Meridian Data Systems,Product Manager,Hospitality,Omaha,NE,United States,opportunity,Bad Timing,8/14/2025
Kathleen,Jackson,kathleen.jackson@outlook.com,(652) 553-5901,Meridian Data Systems,Executive Assistant,Nonprofit,Providence,RI,United States,marketingqualifiedlead,Unqualified,4/13/2025
Jennifer,Thompson,jthompson@company.com,(579) 270-9289,Meridian Data Systems,Office Manager,Retail,Providence,RI,United States,salesqualifiedlead,Bad Timing,2/14/2025
Donna,Johnson,djohnson@company.com,(747) 369-7382,Ironwood Manufacturing,COO,Manufacturing,Richmond,VA,United States,marketingqualifiedlead,Connected,12/2/2025
Margaret,Perez,mperez@gmail.com,(782) 261-5597,Brightpath Consulting,Account Executive,Insurance,Portland,OR,United States,salesqualifiedlead,Unqualified,3/25/2025
Mary,Baker,mbaker@outlook.com,(329) 346-7206,Crestline Energy,Product Manager,Retail,Louisville,KY,United States,customer,Connected,12/25/2025
Margaret,Garcia,margaret.garcia@business.net,(694) 712-3524,Cobalt Digital,Office Manager,Biotechnology,Omaha,NE,United States,salesqualifiedlead,Connected,5/25/2026
Helen,Green,hgreen@business.net,(450) 367-8573,Lumen Health Partners,Product Manager,Biotechnology,Nashville,TN,United States,customer,Connected,4/22/2026
Christine,Baker,cbaker@company.com,(536) 801-4153,Ferncrest Media,Account Executive,Retail,Austin,TX,United States,opportunity,Connected,10/26/2024
Richard,King,richardking@company.com,(897) 519-6293,Ironwood Manufacturing,Sales Director,Nonprofit,Sacramento,CA,United States,opportunity,Attempted to Contact,5/16/2024
Kathleen,Roberts,kroberts@company.com,(740) 628-3655,Elmshade Legal,Finance Director,Media,Salt Lake City,UT,United States,opportunity,Open,1/21/2025
Benjamin,Rodriguez,benjamin.rodriguez@business.net,(229) 235-6846,Foxglove Biotech,Office Manager,Insurance,Portland,OR,United States,salesqualifiedlead,Unqualified,5/18/2026
Shirley,Robinson,shirleyrobinson@business.net,(510) 425-5855,Quarry Hill Ventures,Product Manager,Education,Louisville,KY,United States,subscriber,Open,1/18/2024
Helen,Wakler,helenwalker@company.com,(932) 680-4206,Brightpath Consulting,Finance Director,Retail,Denver,CO,United States,subscriber,Bad Timing,3/14/2026
Helen,Martin,helenmartin@company.com,(557) 670-5128,Cobalt Digital,Regional Sales Manager,Logistics,Tampa,FL,United States,customer,Attempted to Contact,7/19/2026
Sarah,Martin,sarah.martin@company.com,(782) 891-9037,Willowbrook Nonprofit,Operations Director,Legal Services,Albuquerque,NM,United States,opportunity,Attempted to Contact,8/18/2025
Pamela,Mitchell,pamela.mitchell@outlook.com,(202) 357-5303,Cascade Software,Controller,Manufacturing,Omaha,NE,United States,customer,Connected,7/6/2025
Samantha,Adams,sadams@company.com,(646) 221-3643,Cascade Software,Finance Director,Construction,Milwaukee,WI,United States,marketingqualifiedlead,Unqualified,9/8/2024
Mark,Lewis,marklewis@gmail.com,(254) 605-9224,Steadfast Insurance,HR Manager,Real Estate,Milwaukee,WI,United States,subscriber,In Progress,1/11/2024
Eric,Smith,esmith@gmail.com,(491) 943-6703,Steadfast Insurance,Product Manager,Healthcare,Denver,CO,United States,opportunity,Open,7/19/2025
Joshua,Thompson,jthompson@gmail.com,(441) 396-2925,Pinnacle Logistics Group,Account Executive,Hospitality,Boise,ID,United States,marketingqualifiedlead,Bad Timing,9/8/2026
Sarah,Thomas,sthomas@business.net,(712) 323-9551,Willowbrook Nonprofit,CEO,Media,Raleigh,NC,United States,opportunity,In Progress,2/8/2025
William,Smith,william.smith@outlook.com,(261) 607-9300,Cascade Software,Marketing Coordinator,Media,Tampa,FL,United States,salesqualifiedlead,Unqualified,7/3/2026
Emily,Rivera,erivera@company.com,(492) 910-9047,,,Financial Services,Omaha,NE,United States,subscriber,Unqualified,2/19/2024
Joshua,Flores,jflores@yahoo.com,(889) 906-7471,Driftwood Hospitality,IT Manager,Manufacturing,Des Moines,IA,United States,lead,Open,4/4/2024
Samuel,White,swhite@company.com,(233) 819-3513,Willowbrook Nonprofit,Regional Sales Manager,Technology,Milwaukee,WI,United States,marketingqualifiedlead,Unqualified,10/5/2024
Eric,Jackson,eric.jackson@company.com,(790) 702-6127,Pinnacle Logistics Group,Business Development Rep,Hospitality,Providence,RI,United States,opportunity,Attempted to Contact,12/4/2024
Michelle,Lee,michelle.lee@outlook.com,(335) 752-6994,Pinnacle Logistics Group,Marketing Coordinator,Biotechnology,Boise,ID,United States,marketingqualifiedlead,Bad Timing,5/27/2024
Linda,Roberts,lindaroberts@yahoo.com,(626) 323-4714,Aster Marketing,COO,Biotechnology,Richmond,VA,United States,subscriber,Connected,7/2/2026
Carolyn,Davis,cdavis@gmail.com,(394) 963-1119,Quarry Hill Ventures,Executive Assistant,Nonprofit,Albuquerque,NM,United States,opportunity,Connected,4/24/2025
Jonathan,Wilson,jonathan.wilson@business.net,(883) 767-5905,Hollowridge Transport,Account Executive,Biotechnology,Des Moines,IA,United States,lead,In Progress,2/24/2024
Gregory,Young,gregoryyoung@company.com,(735) 874-2392,Ferncrest Media,VP of Sales,Real Estate,Raleigh,NC,United States,salesqualifiedlead,Connected,2/24/2026
Stephen,Martinez,smartinez@yahoo.com,(415) 934-6617,Cobalt Digital,Product Manager,Education,Tampa,FL,United States,salesqualifiedlead,In Progress,2/21/2024
Andrew,Wright,awright2@company.com,(337) 470-6992,,,Technology,Austin,TX,United States,subscriber,Unqualified,5/19/2026
Samuel,Lee,samuellee@business.net,(913) 742-9986,Vantage Point Law,Regional Sales Manager,Logistics,Tucson,AZ,United States,opportunity,Open,8/9/2026
Sandra,Campbell,sandracampbell@yahoo.com,(377) 699-2562,Fieldstone Education,IT Manager,Retail,Denver,CO,United States,customer,Bad Timing,7/3/2026
William,Robinson,williamrobinson@company.com,(211) 375-6353,,,Real Estate,Columbus,OH,United States,lead,New,7/7/2026
Brandon,Lewis,brandonlewis@outlook.com,(245) 439-4271,Willowbrook Nonprofit,Business Development Rep,Financial Services,Des Moines,IA,United States,customer,Bad Timing,2/24/2024
Jennifer,Anderson,jennifer.anderson@outlook.com,(470) 578-4834,Beacon Analytics,Finance Director,Education,Tucson,AZ,United States,marketingqualifiedlead,Unqualified,8/2/2025
Daniel,Rivera,drivera@business.net,(906) 916-8304,Fieldstone Education,Business Development Rep,Logistics,Des Moines,IA,United States,marketingqualifiedlead,Bad Timing,12/25/2024
Jessica,Nelson,jessicanelson@company.com,(937) 316-8889,Willowbrook Nonprofit,Controller,Construction,Kansas City,MO,United States,lead,Attempted to Contact,11/27/2024
Mary,Anderson,mary.anderson@business.net,(516) 442-8020,Coppervale Manufacturing,HR Manager,Hospitality,Austin,TX,United States,subscriber,New,6/16/2024
Mike,Green,mgreen@business.net,(906) 515-8274,Beacon Analytics,COO,Retail,Louisville,KY,United States,subscriber,Bad Timing,3/26/2025
Susan,Green,susan.green@company.com,(847) 648-4104,Brightpath Consulting,Sales Director,Healthcare,Milwaukee,WI,United States,subscriber,Connected,4/16/2026
Nancy,Perez,nperez@company.com,(474) 950-2522,Steadfast Insurance,Office Manager,Financial Services,Milwaukee,WI,United States,subscriber,Unqualified,8/9/2025
Ronald,Jones,ronald.jones@company.com,(686) 311-6387,Crestline Energy,Regional Sales Manager,Legal Services,Providence,RI,United States,marketingqualifiedlead,New,2/22/2024
Jennifer,Hill,jenniferhill@yahoo.com,(826) 960-9784,Pinnacle Logistics Group,Sales Director,Education,Albuquerque,NM,United States,subscriber,Unqualified,1/8/2025
Brandon,Baker,brandon.baker@company.com,(656) 363-3935,Crestline Energy,CEO,Legal Services,Nashville,TN,United States,lead,Connected,5/28/2026
Joseph,Nelson,jnelson@gmail.com,(556) 395-6254,Steadfast Insurance,COO,Legal Services,Boise,ID,United States,subscriber,Bad Timing,10/14/2024
Stephen,Wilson,stephen.wilson@outlook.com,(536) 351-1046,Redstone Realty,VP of Sales,Financial Services,Charleston,SC,United States,opportunity,In Progress,2/22/2024
Jonathan,Campbell,jonathancampbell@outlook.com,(349) 944-1483,Coppervale Manufacturing,Office Manager,Biotechnology,Raleigh,NC,United States,salesqualifiedlead,Unqualified,8/24/2025
Steven,Young,stevenyoung@yahoo.com,(314) 299-1223,Willowbrook Nonprofit,Operations Director,Media,Milwaukee,WI,United States,lead,In Progress,12/26/2025
Emma,Taylor,etaylor@company.com,(695) 988-4985,Coppervale Manufacturing,Office Manager,Media,Omaha,NE,United States,salesqualifiedlead,Connected,10/28/2025
Jennifer,Sanchez,jsanchez@outlook.com,(422) 972-1924,Brightpath Consulting,Marketing Coordinator,Logistics,Omaha,NE,United States,lead,Bad Timing,10/11/2026
Emily,Green,emilygreen@gmail.com,(724) 950-1287,Foxglove Biotech,Product Manager,Financial Services,Tucson,AZ,United States,opportunity,New,6/15/2024
Paul,Clark,paul.clark@company.com,(580) 662-5958,Cobalt Digital,Marketing Coordinator,Logistics,Denver,CO,United States,lead,New,1/25/2025
Jacob,Perez,jacob.perez@business.net,(287) 472-7101,Quarry Hill Ventures,Executive Assistant,Technology,Salt Lake City,UT,United States,customer,Connected,3/25/2024
Richard,Campbell,richard.campbell2@yahoo.com,579-520-7781,Beacon Analytics,CEO,Insurance,Tucson,AZ,United States,lead,Connected,10/26/2025
Mark,Baker,mbaker@company.com,(567) 719-5918,Foxglove Biotech,Customer Success Manager,Insurance,Providence,RI,United States,customer,Attempted to Contact,5/4/2024
Amy,Miller,amiller@company.com,(567) 788-5847,Quarry Hill Ventures,IT Manager,Retail,Kansas City,MO,United States,customer,Unqualified,1/19/2025
Rachel,Rodriguez,rachelrodriguez@company.com,(968) 392-3701,Hollowridge Transport,Purchasing Manager,Retail,Richmond,VA,United States,lead,Open,3/7/2026
Lisa,Roberts,lisaroberts@company.com,(846) 381-6134,Meridian Data Systems,Sales Director,Retail,Denver,CO,United States,salesqualifiedlead,In Progress,3/19/2024
Mary,Roberts,mary.roberts@business.net,550.639.1131,Granite Peak Construction,Controller,Logistics,Kansas City,MO,United States,marketingqualifiedlead,Unqualified,7/24/2025
Brian,Thompson,bthompson@business.net,(827) 447-9272,Crestline Energy,Operations Manager,Manufacturing,Nashville,TN,United States,opportunity,Bad Timing,9/7/2024
Kenneth,Scott,kennethscott@yahoo.com,(982) 848-8054,Elmshade Legal,Office Manager,Hospitality,Richmond,VA,United States,lead,Attempted to Contact,4/13/2026
Brenda,Walker,bwalker@gmail.com,(395) 492-6848,Foxglove Biotech,Sales Director,Insurance,Tampa,FL,United States,customer,In Progress,2/26/2025
Daniel,Anderson,danielanderson@gmail.com,(270) 676-5625,Coppervale Manufacturing,IT Manager,Technology,Louisville,KY,United States,subscriber,Attempted to Contact,1/12/2025
Frank,Williams,frank.williams@yahoo.com,(412) 801-3362,Coppervale Manufacturing,Purchasing Manager,Biotechnology,Nashville,TN,United States,subscriber,In Progress,10/8/2024
Frank,King,fking@gmail.com,(659) 372-9577,Greystone Capital,HR Manager,Financial Services,Des Moines,IA,United States,subscriber,In Progress,9/12/2024
Eric,Robinson,erobinson@yahoo.com,(582) 738-8918,Quarry Hill Ventures,Controller,Construction,Nashville,TN,United States,marketingqualifiedlead,Attempted to Contact,11/26/2025
Katherine,Sanchez,ksanchez@business.net,(895) 363-1510,Brightpath Consulting,COO,Legal Services,Milwaukee,WI,United States,salesqualifiedlead,New,2/8/2024
John,Gonzalez,john.gonzalez@yahoo.com,(229) 464-5551,Willowbrook Nonprofit,Operations Director,Financial Services,Nashville,TN,United States,customer,Bad Timing,12/16/2024
Jacob,Hernandez,jhernandez@business.net,(964) 600-9941,Cascade Software,VP of Sales,Logistics,Providence,RI,United States,customer,Bad Timing,4/23/2026
Deborah,Hall,deborah.hall@gmail.com,(704) 343-7704,Ferncrest Media,Product Manager,Hospitality,Raleigh,NC,United States,lead,Open,7/7/2024
Raymond,Baker,raymondbaker2@yahoo.com,(877) 303-9524,Redstone Realty,COO,Hospitality,Austin,TX,United States,customer,Open,8/21/2026
Rachel,Gonzalez,rgonzalez@yahoo.com,(922) 736-3215,Granite Peak Construction,VP of Sales,Legal Services,Portland,OR,United States,opportunity,Open,2/18/2025
Michelle,Nelson,mnelson@company.com,(467) 755-6629,Driftwood Hospitality,Operations Director,Education,Tucson,AZ,United States,subscriber,Bad Timing,7/4/2024
Dorothy,Hernandez,dhernandez2@business.net,(988) 518-2923,Meridian Data Systems,IT Manager,Technology,Albuquerque,NM,United States,opportunity,Open,3/16/2024
Emma,Nelson,emma.nelson@outlook.com,(723) 276-2659,Greystone Capital,Product Manager,Legal Services,Tucson,AZ,United States,lead,Unqualified,5/15/2025
Jennifer,Smith,jsmith@business.net,(590) 509-7466,Willowbrook Nonprofit,Business Development Rep,Financial Services,Tampa,FL,United States,opportunity,New,3/9/2026
Christopher,Young,cyoung@outlook.com,(644) 848-8035,Lumen Health Partners,Executive Assistant,Construction,Denver,CO,United States,salesqualifiedlead,New,9/7/2024
Rachel,Ramirez,rachel.ramirez@yahoo.com,(391) 481-5585,Vantage Point Law,VP of Sales,Retail,Nashville,TN,United States,opportunity,Attempted to Contact,4/21/2026
William,Walker,wwalker@yahoo.com,(807) 311-8405,Pinnacle Logistics Group,HR Manager,Hospitality,Omaha,NE,United States,subscriber,Connected,9/10/2026
Michelle,Davis,michelledavis@business.net,(478) 917-9060,Cobalt Digital,Office Manager,Retail,Omaha,NE,United States,lead,New,1/6/2026
Dorothy,King,dking@yahoo.com,(778) 353-6354,Pinnacle Logistics Group,HR Manager,Financial Services,Columbus,OH,United States,subscriber,Connected,7/15/2026
Larry,Brown,lbrown@gmail.com,(367) 261-4530,Elmshade Legal,Product Manager,Construction,Albuquerque,NM,United States,customer,New,12/11/2025
Kimberly,Miller,kmiller@business.net,(397) 569-8443,Ferncrest Media,VP of Sales,Nonprofit,Richmond,VA,United States,salesqualifiedlead,Bad Timing,2/3/2025
Andrew,Lopez,alopez@yahoo.com,(378) 547-5029,Ironwood Manufacturing,Finance Director,Retail,Kansas City,MO,United States,lead,Bad Timing,2/1/2025
Mark,Jackson,mark.jackson@outlook.com,(750) 495-3755,Coppervale Manufacturing,Regional Sales Manager,Hospitality,Columbus,OH,United States,customer,Bad Timing,6/5/2024
Ashley,Mitchell,ashley.mitchell@gmail.com,(212) 450-1753,Orchard Lane Foods,Business Development Rep,Real Estate,Louisville,KY,United States,lead,Open,9/26/2024
Jennifer,Adams,jadams@gmail.com,(733) 848-5480,Elmshade Legal,Product Manager,Hospitality,Richmond,VA,United States,opportunity,Attempted to Contact,7/21/2024
Stephanie,Jones,sjones@outlook.com,(805) 641-8132,Crestline Energy,Office Manager,Education,Richmond,VA,United States,customer,Open,11/22/2024
Karen,Thomas,karenthomas@outlook.com,(225) 383-6442,Driftwood Hospitality,Executive Assistant,Media,Nashville,TN,United States,customer,Bad Timing,4/9/2026
James,Rivera,jamesrivera@outlook.com,(970) 920-2025,Crestline Energy,Account Executive,Media,Sacramento,CA,United States,opportunity,Open,6/7/2025
Ronald,Green,ronald.green@gmail.com,(581) 700-8308,Ironwood Manufacturing,Controller,Hospitality,Raleigh,NC,United States,opportunity,In Progress,3/27/2025
Raymond,Sanchez,rsanchez@yahoo.com,(746) 589-6188,Meridian Data Systems,Controller,Insurance,Denver,CO,United States,opportunity,New,2/8/2026
Ronald,Taylor,ronald.taylor@gmail.com,(504) 415-3625,Hollowridge Transport,Regional Sales Manager,Legal Services,Salt Lake City,UT,United States,marketingqualifiedlead,Bad Timing,7/26/2026
Barbara,Lopez,barbaralopez@business.net,(774) 929-1352,Beacon Analytics,HR Manager,Biotechnology,Sacramento,CA,United States,opportunity,In Progress,8/13/2025
Samantha,King,samanthaking@yahoo.com,(606) 280-7112,Lumen Health Partners,Regional Sales Manager,Hospitality,Tampa,FL,United States,lead,Connected,5/22/2024
Sarah,Johnson,sjohnson@gmail.com,(486) 916-5072,Steadfast Insurance,Regional Sales Manager,Hospitality,Des Moines,IA,United States,customer,Connected,9/14/2025
Barbara,Baker,bbaker@yahoo.com,(266) 763-9882,Cascade Software,IT Manager,Insurance,Richmond,VA,United States,lead,Connected,12/21/2026
James,Hall,jhall@company.com,(233) 386-6213,Hollowridge Transport,COO,Healthcare,Charleston,SC,United States,customer,Attempted to Contact,8/5/2024
Michelle,Gonzalez,michelle.gonzalez@company.com,(857) 238-4900,Hollowridge Transport,COO,Construction,Portland,OR,United States,customer,In Progress,5/11/2024
Rachel,Roberts,rroberts@business.net,(708) 493-4770,Fieldstone Education,Business Development Rep,Healthcare,Columbus,OH,United States,customer,Open,5/22/2026
Andrew,Wright,andrewwright@gmail.com,(337) 470-6992,Coppervale Manufacturing,Purchasing Manager,Technology,Austin,TX,United States,subscriber,Unqualified,10/18/2024
Justin,Nguyen,justinnguyen@company.com,(687) 882-7626,Orchard Lane Foods,Marketing Coordinator,Logistics,Tampa,FL,United States,lead,Bad Timing,2/4/2025
Michael,Ramirez,michael.ramirez@company.com,(582) 315-6537,Hollowridge Transport,HR Manager,Insurance,Tucson,AZ,United States,opportunity,Bad Timing,5/10/2024
Raymond,Ramirez,raymond.ramirez@outlook.com,(368) 537-6092,Silverline Logistics,Account Executive,Retail,Denver,CO,United States,salesqualifiedlead,Unqualified,10/26/2024
Jonathan,Perez,jonathanperez@company.com,(863) 407-3893,Marlowe & Co.,Sales Director,Real Estate,Denver,CO,United States,customer,Open,12/13/2025
CYNTHIA,MOORE,cynthia.moore@gmail.com,(415) 670-6381,Northwind Traders,VP of Sales,Legal Services,Kansas City,MO,United States,subscriber,Attempted to Contact,6/25/2025
Jacob,Carter,jcarter@business.net,(357) 244-3094,Cobalt Digital,Executive Assistant,Education,Sacramento,CA,United States,customer,In Progress,6/12/2026
Donna,King,dking@gmail.com,(838) 801-9561,Driftwood Hospitality,Executive Assistant,Manufacturing,Omaha,NE,United States,salesqualifiedlead,Open,10/19/2024
Susan,Lopez,susanlopez@gmail.com,(343) 751-4218,Redstone Realty,Operations Manager,Nonprofit,Des Moines,IA,United States,subscriber,New,11/1/2026
Jason,Hernandez,jasonhernandez@yahoo.com,(243) 944-6776,Fieldstone Education,Executive Assistant,Logistics,Omaha,NE,United States,customer,Bad Timing,2/22/2024
Margaret,Jackson,mjackson@yahoo.com,(837) 448-8600,Steadfast Insurance,CEO,Construction,Charleston,SC,United States,lead,Connected,4/5/2026
Laura,Taylor,laura.taylor@company.com,(967) 752-1853,Steadfast Insurance,HR Manager,Legal Services,Denver,CO,United States,subscriber,Bad Timing,1/25/2026
Katherine,Davis,katherine.davis@yahoo.com,(428) 342-2679,Willowbrook Nonprofit,Operations Director,Manufacturing,Austin,TX,United States,opportunity,Unqualified,1/3/2024
PATRICIA,SCOTT,patriciascott@business.net,(549) 602-3248,Silverline Logistics,Purchasing Manager,Education,Tampa,FL,United States,customer,Attempted to Contact,7/8/2026
Angela,White,angelawhite@yahoo.com,(920) 923-4425,Northwind Traders,Finance Director,Insurance,Columbus,OH,United States,customer,Unqualified,5/19/2024
Mark,Roberts,mark.roberts@yahoo.com,(675) 713-9362,Silverline Logistics,Purchasing Manager,Technology,Charleston,SC,United States,opportunity,New,4/28/2026
Nancy,Brown,nbrown@outlook.com,(832) 477-1869,Vantage Point Law,Marketing Manager,Manufacturing,Salt Lake City,UT,United States,salesqualifiedlead,Connected,11/28/2025
Benjamin,Flores,bflores@company.com,(573) 366-7065,Steadfast Insurance,Finance Director,Legal Services,Tampa,FL,United States,marketingqualifiedlead,Connected,11/3/2026
Robert,Nguyen,robert.nguyen@outlook.com,(575) 928-1612,Lumen Health Partners,Product Manager,Media,Louisville,KY,United States,opportunity,Attempted to Contact,10/2/2024
Anna,Williams,anna.williams@gmail.com,(809) 357-9125,Coppervale Manufacturing,Executive Assistant,Media,Richmond,VA,United States,salesqualifiedlead,Open,8/24/2026
Ronald,Rivera,rrivera@gmail.com,(907) 842-4978,Ferncrest Media,IT Manager,Insurance,Sacramento,CA,United States,customer,Attempted to Contact,10/26/2024
Samantha,Rodriguez,samantha.rodriguez@company.com,(366) 385-3712,Aster Marketing,Regional Sales Manager,Retail,Des Moines,IA,United States,salesqualifiedlead,In Progress,12/8/2026
Anthony,Gonzalez,agonzalez@yahoo.com,(706) 591-3133,Granite Peak Construction,Finance Director,Hospitality,Tampa,FL,United States,lead,Bad Timing,12/22/2025
Karen,Scott,kscott2@outlook.com,(352) 255-4766,Ironwood Manufacturing,Sales Director,Construction,Omaha,NE,United States,marketingqualifiedlead,Open,5/7/2024
Jason,Garcia,jgarcia@outlook.com,(351) 809-5225,Amber Grove Retail,Operations Manager,Manufacturing,Boise,ID,United States,salesqualifiedlead,Attempted to Contact,9/11/2025
Robert,Perez,rperez@outlook.com,(449) 728-3858,Marlowe & Co.,Customer Success Manager,Technology,Raleigh,NC,United States,opportunity,Unqualified,4/26/2025
Jeffrey,Lewis,jeffrey.lewis@yahoo.com,(403) 350-1400,Beacon Analytics,HR Manager,Construction,Kansas City,MO,United States,opportunity,Bad Timing,8/14/2024
Anthony,Flores,aflores@gmail.com,(947) 844-9666,Silverline Logistics,Controller,Nonprofit,Columbus,OH,United States,customer,Attempted to Contact,5/14/2026
Jonathan,Roberts,jonathanroberts@yahoo.com,(887) 865-7118,Vantage Point Law,Marketing Coordinator,Construction,Sacramento,CA,United States,subscriber,Open,2/11/2024
Susan,Smith,ssmith@yahoo.com,(862) 808-5631,Cascade Software,Account Executive,Construction,Louisville,KY,United States,subscriber,In Progress,11/11/2025
NANCY,PEREZ,nancyperez@gmail.com,(474) 950-2522,Steadfast Insurance,Office Manager,Financial Services,Milwaukee,WI,United States,subscriber,Unqualified,3/25/2024
Jeffrey,Martin,jeffreymartin@company.com,(782) 835-1986,Fieldstone Education,Account Executive,Media,Charleston,SC,United States,lead,Connected,5/22/2024
BRIAN,WILSON,bwilson@gmail.com,(364) 388-4617,Fieldstone Education,Product Manager,Healthcare,Boise,ID,United States,subscriber,Open,10/14/2025
Patricia,Jackson,patricia.jackson@gmail.com,(717) 278-5552,Redstone Realty,VP of Sales,Hospitality,Tucson,AZ,United States,marketingqualifiedlead,In Progress,1/24/2025
Deborah,Smith,deborah.smith@business.net,(218) 892-1067,Meridian Data Systems,HR Manager,Healthcare,Richmond,VA,United States,customer,In Progress,3/4/2025
Anna,Harris,annaharris@outlook.com,(745) 550-9950,Steadfast Insurance,Product Manager,Hospitality,Richmond,VA,United States,salesqualifiedlead,Open,5/18/2024
Mark,Brown,mbrown2@company.com,(659) 523-1084,Lumen Health Partners,Finance Director,Technology,Tampa,FL,United States,subscriber,Attempted to Contact,12/8/2024
Dorothy,Baker,dbaker@outlook.com,(617) 497-8011,Cobalt Digital,Operations Manager,Biotechnology,Omaha,NE,United States,salesqualifiedlead,Connected,3/1/2025
Richard,Clark,richard.clark@yahoo.com,(414) 770-1770,Northwind Traders,Business Development Rep,Biotechnology,Tucson,AZ,United States,marketingqualifiedlead,In Progress,3/6/2026
Patricia,Lopez,patricia.lopez@outlook.com,(455) 233-8478,Beacon Analytics,Business Development Rep,Nonprofit,Sacramento,CA,United States,lead,In Progress,8/17/2025
Amy,Nelson,anelson@outlook.com,(670) 784-1399,Vantage Point Law,Regional Sales Manager,Media,Salt Lake City,UT,United States,lead,Bad Timing,7/6/2026
Katherine,Johnson,katherinejohnson@business.net,(857) 509-8912,Harborview Financial,Purchasing Manager,Logistics,Tucson,AZ,United States,salesqualifiedlead,New,1/6/2026
Kimberly,Williams,kimberly.williams@business.net,(748) 501-3434,Amber Grove Retail,HR Manager,Retail,Des Moines,IA,United States,customer,Bad Timing,3/28/2025
Samantha,Scott,samantha.scott@gmail.com,(755) 558-6218,Redstone Realty,VP of Sales,Nonprofit,Louisville,KY,United States,marketingqualifiedlead,Attempted to Contact,3/3/2024
Linda,Davis,lindadavis@outlook.com,(368) 365-6286,Hollowridge Transport,HR Manager,Technology,Louisville,KY,United States,opportunity,In Progress,5/7/2024
Deborah,Taylor,deborah.taylor@gmail.com,(969) 286-5834,Vantage Point Law,Marketing Coordinator,Technology,Providence,RI,United States,lead,Attempted to Contact,8/17/2024
Charles,Wright,cwright@outlook.com,(858) 308-8234,Quarry Hill Ventures,Product Manager,Manufacturing,Boise,ID,United States,subscriber,New,10/24/2024
Angela,Sanchez,angelasanchez@outlook.com,(342) 452-9830,Redstone Realty,CEO,Real Estate,Omaha,NE,United States,opportunity,Unqualified,4/5/2025
Sarah,Carter,sarahcarter@yahoo.com,(322) 207-9149,Aster Marketing,Executive Assistant,Financial Services,Tampa,FL,United States,lead,Unqualified,12/8/2026
Timothy,Mitchell,timothymitchell@business.net,(257) 727-3604,Silverline Logistics,IT Manager,Nonprofit,Tucson,AZ,United States,opportunity,Unqualified,9/19/2024
Kevin,Thompson,kevin.thompson@outlook.com,(491) 834-2143,Greystone Capital,Finance Director,Technology,Portland,OR,United States,salesqualifiedlead,Unqualified,10/22/2025
Rachel,Hill,rachel.hill@yahoo.com,(247) 305-9529,Coppervale Manufacturing,IT Manager,Retail,Denver,CO,United States,opportunity,Bad Timing,2/1/2025
Kimberly,Williams,kimberly.williams@yahoo.com,748-501-3434,Amber Grove Retail,HR Manager,Retail,Des Moines,IA,United States,customer,Bad Timing,10/5/2024
Christopher,Allen,christopherallen@company.com,(706) 805-7189,Fieldstone Education,Business Development Rep,Media,Columbus,OH,United States,marketingqualifiedlead,In Progress,1/19/2024
Helen,Lee,hlee@business.net,(838) 562-3125,Fieldstone Education,CEO,Construction,Tampa,FL,United States,opportunity,Connected,8/16/2026
Eric,Smith,ericsmith@gmail.com,+1 491 943 6703,Steadfast Insurance,Product Manager,Healthcare,Denver,CO,United States,opportunity,Open,11/12/2025
Christopher,Johnson,christopherjohnson@yahoo.com,(840) 509-4869,Pinnacle Logistics Group,Product Manager,Media,Milwaukee,WI,United States,subscriber,Connected,7/27/2025
Gary,Gonzalez,gary.gonzalez@outlook.com,(279) 502-2657,Pinnacle Logistics Group,Operations Director,Insurance,Kansas City,MO,United States,customer,Attempted to Contact,11/11/2024
Ryan,Carter,ryancarter@business.net,(549) 391-4458,Ironwood Manufacturing,Operations Manager,Nonprofit,Omaha,NE,United States,opportunity,In Progress,2/14/2026
Jason,Jakcson,jjackson@outlook.com,(729) 345-8595,Elmshade Legal,Regional Sales Manager,Manufacturing,Des Moines,IA,United States,customer,Attempted to Contact,12/20/2026
Jacob,Hernandez,jacob.hernandez@outlook.com,(964) 600-9941,Cascade Software,VP of Sales,Logistics,Providence,RI,United States,customer,Bad Timing,11/12/2026
Nancy,Taylor,nancy.taylor@business.net,(673) 227-2199,Meridian Data Systems,Regional Sales Manager,Real Estate,Sacramento,CA,United States,marketingqualifiedlead,Connected,4/13/2025
Sandra,Nguyen,sandranguyen@company.com,(214) 947-8014,Aster Marketing,HR Manager,Healthcare,Tucson,AZ,United States,marketingqualifiedlead,Unqualified,4/19/2026
Robert,Brown,rbrown@yahoo.com,(505) 265-7668,Greystone Capital,Business Development Rep,Legal Services,Denver,CO,United States,customer,New,12/27/2025
Benjamin,Torres,benjamintorres@company.com,(609) 449-3417,Meridian Data Systems,Marketing Manager,Biotechnology,Sacramento,CA,United States,subscriber,Bad Timing,4/6/2025
Richard,Campbell,richard.campbell@yahoo.com,(579) 520-7781,Beacon Analytics,CEO,Insurance,Tucson,AZ,United States,lead,Connected,1/9/2024
Samantha,Davis,samantha.davis@gmail.com,(709) 403-4272,Coppervale Manufacturing,Product Manager,Insurance,Salt Lake City,UT,United States,opportunity,Open,12/14/2025
Sharon,Adams,sharonadams@business.net,(360) 254-2659,Amber Grove Retail,Finance Director,Healthcare,Nashville,TN,United States,salesqualifiedlead,Connected,12/24/2026
Stephen,Mitchell,stephenmitchell@yahoo.com,(658) 606-1003,Aster Marketing,Sales Director,Logistics,Tampa,FL,United States,opportunity,New,3/10/2026
Christine,Carter,ccarter@business.net,(620) 527-8397,Orchard Lane Foods,VP of Sales,Logistics,Portland,OR,United States,lead,Connected,6/26/2026
Lisa,Johnson,ljohnson@outlook.com,(457) 961-2311,Cobalt Digital,Customer Success Manager,Real Estate,Portland,OR,United States,subscriber,New,8/18/2024
Debra,Brown,debrabrown@company.com,(901) 520-1881,Northwind Traders,Product Manager,Healthcare,Albuquerque,NM,United States,opportunity,Bad Timing,4/21/2025
Jeffrey,Rodriguez,jeffrey.rodriguez@gmail.com,(374) 218-2646,Ironwood Manufacturing,IT Manager,Manufacturing,Tucson,AZ,United States,opportunity,Connected,1/21/2025
Samuel,Ramirez,samuel.ramirez@yahoo.com,(895) 950-6432,Greystone Capital,Controller,Construction,Tampa,FL,United States,salesqualifiedlead,In Progress,8/18/2025
Edward,Sanchez,edwardsanchez@outlook.com,(654) 786-8341,Silverline Logistics,Controller,Construction,Kansas City,MO,United States,marketingqualifiedlead,New,7/17/2026
CAROLYN,WRIGHT,carolynwright@company.com,(944) 358-7797,Meridian Data Systems,Account Executive,Insurance,Boise,ID,United States,salesqualifiedlead,Attempted to Contact,7/20/2025
Paul,Wright,pwright@outlook.com,(597) 563-3846,Ironwood Manufacturing,HR Manager,Hospitality,Columbus,OH,United States,marketingqualifiedlead,Bad Timing,12/12/2026
Scott,Garcia,sgarcia@company.com,(920) 570-2279,Hollowridge Transport,CEO,Manufacturing,Louisville,KY,United States,subscriber,Bad Timing,9/7/2026
Amy,Mitchell,amitchell@outlook.com,(979) 430-6250,Steadfast Insurance,Product Manager,Education,Charleston,SC,United States,customer,Unqualified,1/3/2025
Lisa,Aleln,lallen@business.net,(417) 390-4292,Beacon Analytics,Customer Success Manager,Media,Raleigh,NC,United States,lead,In Progress,11/10/2024
David,Hill,david.hill@gmail.com,(760) 484-4401,Beacon Analytics,Customer Success Manager,Financial Services,Des Moines,IA,United States,subscriber,Connected,1/5/2025
Anthony,Gonzalez,anthonygonzalez@yahoo.com,,,,Hospitality,Tampa,FL,United States,lead,Bad Timing,2/15/2026
JONATHAN,ALLEN,jonathanallen@company.com,(568) 918-9796,Fieldstone Education,Operations Manager,Manufacturing,Boise,ID,United States,lead,Connected,11/15/2025
Gary,Hall,gary.hall@gmail.com,(983) 483-9078,Silverline Logistics,COO,Nonprofit,Kansas City,MO,United States,marketingqualifiedlead,Attempted to Contact,10/14/2025
Gregory,Rodriguez,gregoryrodriguez@gmail.com,(415) 512-8474,Harborview Financial,Business Development Rep,Media,Albuquerque,NM,United States,marketingqualifiedlead,Connected,9/26/2024
Brandon,Flores,brandon.flores@business.net,(719) 307-3736,Meridian Data Systems,Account Executive,Insurance,Raleigh,NC,United States,lead,In Progress,12/10/2024
Joshua,Nguyen,jnguyen@company.com,,,,Technology,Richmond,VA,United States,marketingqualifiedlead,Connected,2/7/2025
Edward,Miller,emiller@business.net,(976) 903-4695,Ironwood Manufacturing,Regional Sales Manager,Manufacturing,Tucson,AZ,United States,subscriber,In Progress,6/9/2024
David,Moore,davidmoore@company.com,(821) 652-7785,Redstone Realty,Finance Director,Media,Omaha,NE,United States,opportunity,New,7/4/2025
Emily,Nguyen,emilynguyen@company.com,(905) 701-7830,Elmshade Legal,Customer Success Manager,Financial Services,Tucson,AZ,United States,opportunity,Open,12/15/2025
Mary,Hall,maryhall@outlook.com,(295) 608-6603,Silverline Logistics,Operations Director,Biotechnology,Tampa,FL,United States,lead,Unqualified,6/7/2025
Scott,Garcia,scott.garcia@gmail.com,(920) 570-2279,Hollowridge Transport,CEO,Manufacturing,Louisville,KY,United States,subscriber,Bad Timing,10/9/2024
Shirley,Smiht,ssmith@gmail.com,(255) 392-9494,Steadfast Insurance,COO,Media,Providence,RI,United States,salesqualifiedlead,Connected,7/22/2026
Linda,King,lking@gmail.com,(249) 982-1104,Granite Peak Construction,VP of Sales,Insurance,Columbus,OH,United States,customer,Open,12/5/2024
Amy,Jackson,amyjackson@gmail.com,(277) 344-4696,Foxglove Biotech,Purchasing Manager,Insurance,Richmond,VA,United States,opportunity,In Progress,7/1/2024
Michael,Roberts,mroberts@company.com,(601) 506-3608,Northwind Traders,Operations Director,Real Estate,Nashville,TN,United States,marketingqualifiedlead,Unqualified,8/12/2026
Joshua,Moore,joshua.moore@outlook.com,(371) 645-5521,Granite Peak Construction,IT Manager,Construction,Tucson,AZ,United States,subscriber,In Progress,4/24/2025
Lisa,King,lking@business.net,(852) 219-5644,Silverline Logistics,Finance Director,Construction,Albuquerque,NM,United States,opportunity,Unqualified,3/8/2025
Frank,White,frankwhite@gmail.com,(864) 595-4787,Lumen Health Partners,Marketing Coordinator,Nonprofit,Raleigh,NC,United States,subscriber,In Progress,10/18/2025
William,Robinson,wrobinson@yahoo.com,(211) 375-6353,Foxglove Biotech,Executive Assistant,Real Estate,Columbus,OH,United States,lead,New,9/14/2024
James,Martin,jmartin@business.net,(394) 597-7941,Amber Grove Retail,Business Development Rep,Media,Columbus,OH,United States,customer,Bad Timing,9/22/2024
Scott,Thomas,scott.thomas@outlook.com,(353) 396-1453,Harborview Financial,IT Manager,Construction,Albuquerque,NM,United States,salesqualifiedlead,Attempted to Contact,7/21/2025
Ronald,Nguyen,rnguyen2@yahoo.com,(647) 947-4909,Beacon Analytics,HR Manager,Manufacturing,Denver,CO,United States,salesqualifiedlead,New,10/20/2025
Pamela,Smith,pamela.smith@yahoo.com,(566) 415-5088,Willowbrook Nonprofit,Account Executive,Technology,Salt Lake City,UT,United States,opportunity,Bad Timing,10/24/2025
Kevin,Brown,kevin.brown@yahoo.com,(651) 271-9056,Hollowridge Transport,Finance Director,Hospitality,Tampa,FL,United States,salesqualifiedlead,Open,8/4/2026
Nicholas,Rodriguez,nicholas.rodriguez@outlook.com,(278) 726-5600,Cobalt Digital,VP of Sales,Financial Services,Omaha,NE,United States,lead,In Progress,12/27/2026
Emily,Rivera,erivera@outlook.com,(492) 910-9047,Cobalt Digital,Account Executive,Financial Services,Omaha,NE,United States,subscriber,Unqualified,12/15/2024
Mark,Mitchell,mmitchell@yahoo.com,(926) 566-4137,Silverline Logistics,COO,Legal Services,Austin,TX,United States,marketingqualifiedlead,Bad Timing,4/8/2026
Ryan,Davis,rdavis@company.com,(854) 520-7367,Fieldstone Education,Purchasing Manager,Hospitality,Tampa,FL,United States,subscriber,In Progress,8/20/2025
Sarah,Green,sarahgreen@yahoo.com,(874) 357-7932,Driftwood Hospitality,Purchasing Manager,Manufacturing,Salt Lake City,UT,United States,salesqualifiedlead,Attempted to Contact,3/3/2026
Brandon,Jackson,bjackson@company.com,(529) 313-2577,Pinnacle Logistics Group,Operations Manager,Retail,Richmond,VA,United States,lead,Open,4/4/2024
Katherine,Scott,kscott@outlook.com,(510) 829-9740,Silverline Logistics,Marketing Coordinator,Legal Services,Tampa,FL,United States,lead,Attempted to Contact,3/6/2026
Stephen,Miller,stephenmiller@gmail.com,(471) 665-5673,Granite Peak Construction,Operations Director,Legal Services,Albuquerque,NM,United States,customer,Unqualified,4/10/2024
